业务ID,L1模块,L2主题,L3核心概念,L4原子知识点,知识本体类型,前置依赖节点,纵向前置节点,默认分册,教材版本,年级,学期,单元序号,单元名称,小节序号,小节名称,认知共生节点,建议SOLO上限,常见错误模式
KP-0001,数与代数,整数认识与加减法(20以内),数数,10以内点数,表征-基序数,,,一上,人教版,1,上,1,准备课,1,数一数,,L1,域1:逐个数而非扫视识数(subitizing缺失)
KP-0002,数与代数,整数认识与加减法(20以内),比多少,一一对应比多少,概念-比较,,,一上,人教版,1,上,1,准备课,2,比多少,,L1,域3:比与比值混淆/化简比和求比值不分
KP-0003,数与代数,整数认识与加减法(20以内),1~5的认识,1~5的基数意义,表征-基序数,,,一上,人教版,1,上,2,1-5的认识和加减法,1,1-5的认识,,L1,域1:分不清'第3个'(序数)和'3个'(基数)
KP-0004,数与代数,整数认识与加减法(20以内),1~5的认识,1~5的序数意义,表征-基序数,KP-0003,,一上,人教版,1,上,2,1-5的认识和加减法,1,1-5的认识,KP-0003,L1,域1:分不清'第3个'(序数)和'3个'(基数)
KP-0005,数与代数,整数认识与加减法(20以内),1~5的认识,1~5的读写,概念-读写,KP-0003,,一上,人教版,1,上,2,1-5的认识和加减法,1,1-5的认识,KP-0003|KP-0004,L1,域1:数字镜像反转(3写反/6和9混淆)
KP-0006,数与代数,整数认识与加减法(20以内),比大小,1~5的比大小,概念-比较,KP-0003,,一上,人教版,1,上,2,1-5的认识和加减法,2,比大小,KP-0003,L1,域3:比与比值混淆/化简比和求比值不分
KP-0007,数与代数,整数认识与加减法(20以内),分与合,2~5的分与合,关系-分与合,KP-0003,,一上,人教版,1,上,2,1-5的认识和加减法,3,分与合,KP-0003,L2,
KP-0008,数与代数,整数认识与加减法(20以内),1~5的加法,1~5的加法(和在5以内),算法-不进位,KP-0007,,一上,人教版,1,上,2,1-5的认识和加减法,4,加法,KP-0007,L1,
KP-0009,数与代数,整数认识与加减法(20以内),1~5的减法,1~5的减法(被减数在5以内),算法-不退位,KP-0007,,一上,人教版,1,上,2,1-5的认识和加减法,5,减法,KP-0007,L1,
KP-0010,数与代数,整数认识与加减法(20以内),0的认识,0的基数意义,表征-基序数,,,一上,L1,,,,,,,,L1,域1:分不清'第3个'(序数)和'3个'(基数)
KP-0011,数与代数,整数认识与加减法(20以内),有关0的加减法,任何数加0等于原数,关系-运算律,KP-0010,,一上,L2,,,,,,,,L2,
KP-0012,数与代数,整数认识与加减法(20以内),有关0的加减法,任何数减0等于原数,关系-运算律,KP-0010,,一上,L2,,,,,,,,L2,
KP-0013,数与代数,整数认识与加减法(20以内),有关0的加减法,相同数相减等于0,关系-逆运算,KP-0010,,一上,L2,,,,,,,,L2,
KP-0014,数与代数,整数认识与加减法(20以内),6~10的认识,6~10的基数意义,表征-基序数,KP-0004,KP-0003,一上,L1,,,,,,,,L1,域1:分不清'第3个'(序数)和'3个'(基数)
KP-0015,数与代数,整数认识与加减法(20以内),6~10的认识,6~10的序数意义,表征-基序数,KP-0014,KP-0004,一上,L1,,,,,,,,L1,域1:分不清'第3个'(序数)和'3个'(基数)
KP-0016,数与代数,整数认识与加减法(20以内),6~10的认识,6~10的读写,概念-读写,KP-0014,KP-0005,一上,L1,,,,,,,,L1,域1:数字镜像反转(3写反/6和9混淆)
KP-0017,数与代数,整数认识与加减法(20以内),6~10的比大小,6~10的比大小,概念-比较,KP-0006,KP-0006,一上,L1,,,,,,,,L1,域3:比与比值混淆/化简比和求比值不分
KP-0018,数与代数,整数认识与加减法(20以内),分与合,6~10的分与合,关系-分与合,KP-0007,KP-0007,一上,L2,,,,,,,,L2,
KP-0019,数与代数,整数认识与加减法(20以内),10以内的加法,6~10的加法(和在10以内),算法-不进位,KP-0018,,一上,L1,,,,,,,,L1,
KP-0020,数与代数,整数认识与加减法(20以内),10以内的减法,6~10的减法(被减数在10以内),算法-不退位,KP-0018,,一上,L1,,,,,,,,L1,
KP-0021,数与代数,整数认识与加减法(20以内),连加连减,10以内的连加,算法-不进位,KP-0019,,一上,L1,,,,,,,,L1,
KP-0022,数与代数,整数认识与加减法(20以内),连加连减,10以内的连减,算法-不退位,KP-0020,,一上,L1,,,,,,,,L1,
KP-0023,数与代数,整数认识与加减法(20以内),加减混合,10以内的加减混合,算法-不进位,KP-0021|KP-0022,,一上,L1,,,,,,,,L1,
KP-0024,数与代数,整数认识与加减法(20以内),11~20的认识,11~20的组成,概念-组成,KP-0018,KP-0018,一上,L1,,,,,,,,L1,
KP-0025,数与代数,整数认识与加减法(20以内),11~20的认识,11~20的读写,概念-读写,KP-0024,KP-0016,一上,L1,,,,,,,,L1,域1:数字镜像反转(3写反/6和9混淆)
KP-0026,数与代数,整数认识与加减法(20以内),11~20的比大小,11~20的比大小,概念-比较,KP-0025,KP-0017,一上,L1,,,,,,,,L1,域3:比与比值混淆/化简比和求比值不分
KP-0027,数与代数,整数认识与加减法(20以内),10加几及相应的减法,10加几(不进位),算法-不进位,KP-0024,,一上,L1,,,,,,,,L1,域2:忘记加上进位的1(工作记忆过载)
KP-0028,数与代数,整数认识与加减法(20以内),10加几及相应的减法,十几加几(不进位),算法-不进位,KP-0027,,一上,L1,,,,,,,,L1,域2:忘记加上进位的1(工作记忆过载)
KP-0029,数与代数,整数认识与加减法(20以内),10加几及相应的减法,十几减几(不退位),算法-不退位,KP-0028,,一上,L1,,,,,,,,L1,域2:个位不够减时反向减(大减小)/忘记借位后十位减1
KP-0030,数与代数,整数认识与加减法(20以内),10加几及相应的减法,十几减十,算法-不退位,KP-0024,,一上,L1,,,,,,,,L1,
KP-0031,数与代数,整数认识与加减法(20以内),凑十法,凑十法的算理(十进制凑整原理),概念-意义,KP-0024,,一上,L2,,,,,,,,L2,
KP-0032,数与代数,整数认识与加减法(20以内),凑十法,凑十法的算法(拆小数凑大数),算法-不进位,KP-0031,,一上,L1,,,,,,,,L1,
KP-0033,数与代数,整数认识与加减法(20以内),凑十法,凑十法的算法(拆大数凑小数),算法-不进位,KP-0031,,一上,L1,,,,,,,,L1,
KP-0034,数与代数,整数认识与加减法(20以内),20以内进位加法,9加几,算法-进位,KP-0032,,一上,L1,,,,,,,,L1,
KP-0035,数与代数,整数认识与加减法(20以内),20以内进位加法,8/7/6加几,算法-进位,KP-0032,,一上,L1,,,,,,,,L1,
KP-0036,数与代数,整数认识与加减法(20以内),20以内进位加法,5/4/3/2加几,算法-进位,KP-0033,,一上,L1,,,,,,,,L1,
KP-0037,数与代数,整数认识与加减法(20以内),破十法,破十法的算理(退位的数学本质),概念-意义,KP-0024,,一下,L2,,,,,,,,L2,域2:个位不够减时反向减(大减小)/忘记借位后十位减1
KP-0038,数与代数,整数认识与加减法(20以内),破十法,破十法的算法(退一当十再减),算法-不进位,KP-0037,,一下,L1,,,,,,,,L1,
KP-0039,数与代数,整数认识与加减法(20以内),平十法,平十法的算理(连减转化原理),概念-意义,KP-0024,,一下,L2,,,,,,,,L2,
KP-0040,数与代数,整数认识与加减法(20以内),平十法,平十法的算法(先减到整十再减),算法-不进位,KP-0039,,一下,L1,,,,,,,,L1,
KP-0041,数与代数,整数认识与加减法(20以内),20以内退位减法,十几减9,算法-退位,KP-0038,,一下,L1,,,,,,,,L1,
KP-0042,数与代数,整数认识与加减法(20以内),20以内退位减法,十几减8/7/6,算法-退位,KP-0038,,一下,L1,,,,,,,,L1,
KP-0043,数与代数,整数认识与加减法(20以内),20以内退位减法,十几减5/4/3/2,算法-退位,KP-0038,,一下,L1,,,,,,,,L1,
KP-0044,数与代数,整数认识与加减法(20以内),加减法简单应用模型,合并模型(求总数),实践-应用模型,KP-0019,,一下,L3,,,,,,,,L3,
KP-0045,数与代数,整数认识与加减法(20以内),加减法简单应用模型,去掉模型(求剩余),实践-应用模型,KP-0020,,一下,L3,,,,,,,,L3,
KP-0046,数与代数,整数认识与加减法(20以内),加减法简单应用模型,比多比少模型(初步),实践-应用模型,KP-0044,,一下,L3,,,,,,,,L3,E8:'比8多5的数'→3(看到比就减)
KP-0047,数与代数,整数认识与加减法(100以内),100以内数的认识,100以内数的数法,表征-基序数,KP-0024,,一下,L1,,,,,,,,L1,
KP-0048,数与代数,整数认识与加减法(100以内),100以内数的认识,100以内数的组成,概念-组成,KP-0047,KP-0024,一下,L1,,,,,,,,L1,
KP-0049,数与代数,整数认识与加减法(100以内),100以内数的认识,100以内数的读写,概念-读写,KP-0048,KP-0025,一下,L1,,,,,,,,L1,域1:数字镜像反转(3写反/6和9混淆)
KP-0050,数与代数,整数认识与加减法(100以内),100以内数的比大小,100以内数的比大小,概念-比较,KP-0049,KP-0026,一下,L1,,,,,,,,L1,域3:比与比值混淆/化简比和求比值不分
KP-0051,数与代数,整数认识与加减法(100以内),整十数加减法,整十数加整十数(不进位),算法-不进位,KP-0048,,一下,L1,,,,,,,,L1,域2:忘记加上进位的1(工作记忆过载)
KP-0052,数与代数,整数认识与加减法(100以内),整十数加减法,整十数加整十数(进位),算法-进位,KP-0051,,一下,L1,,,,,,,,L1,域2:忘记加上进位的1(工作记忆过载)
KP-0053,数与代数,整数认识与加减法(100以内),整十数加减法,整十数减整十数(不退位),算法-不退位,KP-0051,,一下,L1,,,,,,,,L1,域2:个位不够减时反向减(大减小)/忘记借位后十位减1
KP-0054,数与代数,整数认识与加减法(100以内),整十数加减法,整十数减整十数(退位),算法-退位,KP-0053,,一下,L1,,,,,,,,L1,域2:个位不够减时反向减(大减小)/忘记借位后十位减1
KP-0055,数与代数,整数认识与加减法(100以内),两位数加一位数/整十数,两位数加整十数(不进位),算法-不进位,KP-0051,,一下,L1,,,,,,,,L1,域2:忘记加上进位的1(工作记忆过载)
KP-0056,数与代数,整数认识与加减法(100以内),两位数加一位数/整十数,两位数加一位数(不进位),算法-不进位,KP-0051,KP-0036,一下,L1,,,,,,,,L1,域2:忘记加上进位的1(工作记忆过载)
KP-0057,数与代数,整数认识与加减法(100以内),两位数加一位数/整十数,两位数加一位数(进位),算法-进位,KP-0056|KP-0031,KP-0034,一下,L1,,,,,,,,L1,E1:45+8=413(把4/5/8当独立数字拼接)
KP-0058,数与代数,整数认识与加减法(100以内),两位数减一位数/整十数,两位数减整十数(不退位),算法-不退位,KP-0053,,一下,L1,,,,,,,,L1,域2:个位不够减时反向减(大减小)/忘记借位后十位减1
KP-0059,数与代数,整数认识与加减法(100以内),两位数减一位数/整十数,两位数减一位数(不退位),算法-不退位,KP-0053,KP-0043,一下,L1,,,,,,,,L1,域2:个位不够减时反向减(大减小)/忘记借位后十位减1
KP-0060,数与代数,整数认识与加减法(100以内),两位数减一位数/整十数,两位数减一位数(退位),算法-退位,KP-0059|KP-0037,KP-0041,一下,L1,,,,,,,,L1,"E14:33-16=23(十位3-1=2/个位6-3=3拼接,大减小泛化)"
KP-0061,图形与几何,立体图形的初步认识,认识立体图形,长方体的直观特征,概念-认识,,,一上,L1,,,,,,,,L1,
KP-0062,图形与几何,立体图形的初步认识,认识立体图形,正方体的直观特征,概念-认识,,,一上,L1,,,,,,,,L1,
KP-0063,图形与几何,立体图形的初步认识,认识立体图形,圆柱的直观特征,概念-认识,,,一上,L1,,,,,,,,L1,域4:半径/直径混淆/圆周率意义不清
KP-0064,图形与几何,立体图形的初步认识,认识立体图形,球的直观特征,概念-认识,,,一上,L1,,,,,,,,L1,
KP-0065,图形与几何,平面图形的初步认识,认识平面图形,长方形的直观特征,概念-认识,,,一下,L1,,,,,,,,L1,
KP-0066,图形与几何,平面图形的初步认识,认识平面图形,正方形的直观特征,概念-认识,,,一下,L1,,,,,,,,L1,
KP-0067,图形与几何,平面图形的初步认识,认识平面图形,三角形的直观特征,概念-认识,,,一下,L1,,,,,,,,L1,域4:量角器内圈外圈读错/锐角钝角判断错
KP-0068,图形与几何,平面图形的初步认识,认识平面图形,圆的直观特征,概念-认识,,,一下,L1,,,,,,,,L1,域4:半径/直径混淆/圆周率意义不清
KP-0069,图形与几何,平面图形的初步认识,认识平面图形,平行四边形的直观特征,概念-认识,,,一下,L1,,,,,,,,L1,
KP-0070,图形与几何,图形的拼组,平面图形的拼组,用相同平面图形拼组,实践-构图,KP-0065|KP-0066|KP-0067|KP-0069,,一下,L2,,,,,,,,L2,
KP-0071,图形与几何,图形的拼组,立体图形的拼组,用相同立体图形拼组,实践-构图,KP-0061|KP-0062,,一下,L2,,,,,,,,L2,
KP-0072,数与代数,整数加减法(100以内进阶),两位数加两位数,两位数加两位数(不进位),算法-不进位,KP-0056,,一下,L1,,,,,,,,L1,域2:忘记加上进位的1(工作记忆过载)
KP-0073,数与代数,整数加减法(100以内进阶),两位数加两位数,两位数加两位数(进位),算法-进位,KP-0057,KP-0057,一下,L1,,,,,,,,L1,域2:忘记加上进位的1(工作记忆过载)
KP-0074,数与代数,整数加减法(100以内进阶),两位数减两位数,两位数减两位数(不退位),算法-不退位,KP-0059,,一下,L1,,,,,,,,L1,域2:个位不够减时反向减(大减小)/忘记借位后十位减1
KP-0075,数与代数,整数加减法(100以内进阶),两位数减两位数,两位数减两位数(退位),算法-退位,KP-0060,KP-0060,一下,L1,,,,,,,,L1,E7:42-18=36(个位不够减时反向减8-2=6)
KP-0076,数与代数,整数加减法(100以内进阶),加减法的验算,加法的验算(交换加数/用减法验算),算法-不进位,KP-0073,,一下,L1,,,,,,,,L1,域2:验算时只用原方法重算而非逆运算验证
KP-0077,数与代数,整数加减法(100以内进阶),加减法的验算,减法的验算(用加法验算),算法-不进位,KP-0075,,一下,L1,,,,,,,,L1,域2:验算时只用原方法重算而非逆运算验证
KP-0078,数与代数,整数加减法(100以内进阶),连加连减与混合,100以内的连加计算(不连续进位),算法-不进位,KP-0073,KP-0073,一下,L1,,,,,,,,L1,域2:忘记加上进位的1(工作记忆过载)
KP-0079,数与代数,整数加减法(100以内进阶),连加连减与混合,100以内的连加计算(连续进位),算法-连续进位,KP-0078,KP-0073,一下,L1,,,,,,,,L1,域2:忘记加上进位的1(工作记忆过载)
KP-0080,数与代数,整数加减法(100以内进阶),连加连减与混合,100以内的连减计算(不连续退位),算法-不退位,KP-0075,KP-0075,一下,L1,,,,,,,,L1,域2:个位不够减时反向减(大减小)/忘记借位后十位减1
KP-0081,数与代数,整数加减法(100以内进阶),连加连减与混合,100以内的连减计算(连续退位),算法-连续退位,KP-0080,KP-0075,一下,L1,,,,,,,,L1,域2:个位不够减时反向减(大减小)/忘记借位后十位减1
KP-0082,数与代数,整数加减法(100以内进阶),连加连减与混合,100以内的加减混合计算,算法-不进位,KP-0078,,一下,L1,,,,,,,,L1,
KP-0083,数与代数,整数加减法(100以内进阶),加减法应用模型(进阶),比多比少问题(求大数),实践-应用模型,KP-0044,,一下,L3,,,,,,,,L3,域3:比与比值混淆/化简比和求比值不分
KP-0084,数与代数,整数加减法(100以内进阶),加减法应用模型(进阶),比多比少问题(求小数),实践-应用模型,KP-0045,,一下,L3,,,,,,,,L3,域3:比与比值混淆/化简比和求比值不分
KP-0085,数与代数,整数加减法(100以内进阶),加减法应用模型(进阶),比多比少问题(求相差数),实践-应用模型,KP-0045,,一下,L3,,,,,,,,L3,域3:比与比值混淆/化简比和求比值不分
KP-0086,数与代数,表内乘法,乘法的初步认识,乘法的意义(相同加数连加的简便运算),概念-意义,,,二上,L2,,,,,,,,L2,
KP-0087,数与代数,表内乘法,乘法的初步认识,乘法算式的各部分名称,概念-认识,KP-0086,,二上,L1,,,,,,,,L1,
KP-0088,数与代数,表内乘法,乘法口诀,1~5的乘法口诀,算法-不进位,KP-0087,,二上,L1,,,,,,,,L1,域2:检索失败(邻项干扰)/序列依赖(必须从头背)
KP-0089,数与代数,表内乘法,乘法口诀,6~9的乘法口诀,算法-不进位,KP-0088,,二上,L1,,,,,,,,L1,域2:检索失败(邻项干扰)/序列依赖(必须从头背)
KP-0090,数与代数,表内乘法,乘法口诀,乘加乘减混合计算,算法-不进位,KP-0089,,二上,L1,,,,,,,,L1,
KP-0091,数与代数,表内除法,除法的初步认识,平均分的意义(等分除),概念-意义,KP-0086,,二上,L2,,,,,,,,L2,
KP-0092,数与代数,表内除法,除法的初步认识,平均分的意义(包含除),概念-意义,KP-0091,,二上,L2,,,,,,,,L2,
KP-0093,数与代数,表内除法,除法的初步认识,除法算式的各部分名称,概念-认识,KP-0091,,二上,L1,,,,,,,,L1,
KP-0094,数与代数,表内除法,用乘法口诀求商,用1~6的乘法口诀求商,算法-不进位,KP-0088,,二上,L1,,,,,,,,L1,域2:检索失败(邻项干扰)/序列依赖(必须从头背)
KP-0095,数与代数,表内除法,用乘法口诀求商,用7~9的乘法口诀求商,算法-不进位,KP-0089,,二上,L1,,,,,,,,L1,域2:检索失败(邻项干扰)/序列依赖(必须从头背)
KP-0096,数与代数,整数四则混合运算(初步),同级运算,只含加减法的混合运算,算法-不进位,KP-0082,,三上,L1,,,,,,,,L1,
KP-0097,数与代数,整数四则混合运算(初步),同级运算,只含乘除法的混合运算,算法-不进位,KP-0095,,三上,L1,,,,,,,,L1,
KP-0098,数与代数,整数四则混合运算(初步),两级运算,含乘法和加减法的混合运算,算法-不进位,KP-0096,,三上,L1,,,,,,,,L1,
KP-0099,数与代数,整数四则混合运算(初步),两级运算,含除法和加减法的混合运算,算法-不进位,KP-0097,,三上,L1,,,,,,,,L1,
KP-0100,数与代数,整数四则混合运算(初步),带括号的运算,含小括号的混合运算,算法-不进位,KP-0098,,三上,L1,,,,,,,,L1,
KP-0101,数与代数,有余数的除法,有余数除法的意义,余数的产生与意义,概念-意义,KP-0095,,二下,L2,,,,,,,,L2,
KP-0102,数与代数,有余数的除法,有余数除法的意义,余数与除数的关系,算法-进位,KP-0101,,二下,L1,,,,,,,,L1,
KP-0103,数与代数,有余数的除法,有余数除法的计算,整除的竖式计算,算法-不进位,KP-0102,KP-0095,二下,L1,,,,,,,,L1,
KP-0104,数与代数,有余数的除法,有余数除法的计算,有余数除法的竖式计算,算法-进位,KP-0103,,二下,L1,,,,,,,,L1,域2:余数>除数不自知/有余数=认为自己错了
KP-0105,数与代数,整数认识(万以内),千以内数的认识,千以内数的组成,概念-组成,KP-0048,KP-0048,二下,L1,,,,,,,,L1,
KP-0106,数与代数,整数认识(万以内),千以内数的认识,千以内数的读写,概念-读写,KP-0105,KP-0049,二下,L1,,,,,,,,L1,域1:数字镜像反转(3写反/6和9混淆)
KP-0107,数与代数,整数认识(万以内),千以内数的认识,千以内数中间有0的读写,概念-读写,KP-0106,KP-0106,二下,L1,,,,,,,,L1,域1:数字镜像反转(3写反/6和9混淆)
KP-0108,数与代数,整数认识(万以内),万以内数的认识,万以内数的组成,概念-组成,KP-0105,KP-0105,二下,L1,,,,,,,,L1,
KP-0109,数与代数,整数认识(万以内),万以内数的认识,万以内数的读写,概念-读写,KP-0108,KP-0106,二下,L1,,,,,,,,L1,域1:数字镜像反转(3写反/6和9混淆)
KP-0110,数与代数,整数认识(万以内),万以内数的认识,万以内数中间有0的读写,概念-读写,KP-0109,KP-0107,二下,L1,,,,,,,,L1,域1:数字镜像反转(3写反/6和9混淆)
KP-0111,数与代数,整数认识(万以内),万以内数的认识,万以内数末尾有0的读写,概念-读写,KP-0110,KP-0109,二下,L1,,,,,,,,L1,域1:数字镜像反转(3写反/6和9混淆)
KP-0112,数与代数,整数认识(万以内),万以内数的比大小,万以内数的比大小,概念-比较,KP-0108,KP-0050,二下,L1,,,,,,,,L1,域3:比与比值混淆/化简比和求比值不分
KP-0113,数与代数,整数认识(万以内),近似数,万以内数的近似数,算法-近似数,KP-0112,,二下,L1,,,,,,,,L1,
KP-0114,数与代数,整数认识(万以内),整百整千数加减法,整百整千数加法(不进位),算法-不进位,KP-0105,KP-0072,二下,L1,,,,,,,,L1,域2:忘记加上进位的1(工作记忆过载)
KP-0115,数与代数,整数认识(万以内),整百整千数加减法,整百整千数减法(不退位),算法-不退位,KP-0114,KP-0074,二下,L1,,,,,,,,L1,域2:个位不够减时反向减(大减小)/忘记借位后十位减1
KP-0116,数与代数,整数认识(万以内),整百整千数加减法,整百整千数加法(进位),算法-进位,KP-0114,KP-0073,二下,L1,,,,,,,,L1,域2:忘记加上进位的1(工作记忆过载)
KP-0117,数与代数,整数认识(万以内),整百整千数加减法,整百整千数减法(退位),算法-退位,KP-0116,KP-0075,二下,L1,,,,,,,,L1,域2:个位不够减时反向减(大减小)/忘记借位后十位减1
KP-0118,图形与几何,常见的量(长度),长度单位的认识,厘米的认识,概念-认识,,,二上,L1,,,,,,,,L1,
KP-0119,图形与几何,常见的量(长度),长度单位的认识,米的认识,概念-认识,KP-0118,,二上,L1,,,,,,,,L1,
KP-0120,图形与几何,常见的量(长度),长度单位的换算,米与厘米的进率(1米=100厘米),算法-单位换算,KP-0119,,二上,L2,,,,,,,,L2,域3:单位进率记混(米/厘米=100但平方=10000)
KP-0121,图形与几何,常见的量(长度),线段的认识,线段的直观特征,概念-认识,KP-0118,,二上,L1,,,,,,,,L1,
KP-0122,图形与几何,常见的量(长度),线段的认识,线段公理(两点之间线段最短),概念-定理,KP-0121,,二上,L3,,,,,,,,L3,
KP-0123,图形与几何,平面图形的认识(角),角的初步认识,角的直观特征与各部分名称,概念-认识,,,三上,L1,,,,,,,,L1,域4:量角器内圈外圈读错/锐角钝角判断错
KP-0124,图形与几何,平面图形的认识(角),角的分类(初步),直角的认识与判断,概念-认识,KP-0123,,三上,L1,,,,,,,,L1,域4:量角器内圈外圈读错/锐角钝角判断错
KP-0125,图形与几何,平面图形的认识(角),角的分类(初步),锐角的认识与判断,概念-认识,KP-0124,,三上,L1,,,,,,,,L1,域4:量角器内圈外圈读错/锐角钝角判断错
KP-0126,图形与几何,平面图形的认识(角),角的分类(初步),钝角的认识与判断,概念-认识,KP-0124,,三上,L1,,,,,,,,L1,域4:量角器内圈外圈读错/锐角钝角判断错
KP-0127,图形与几何,常见的量(质量),质量单位的认识,克的认识,概念-认识,,,三上,L1,,,,,,,,L1,
KP-0128,图形与几何,常见的量(质量),质量单位的认识,千克的认识,概念-认识,KP-0127,,三上,L1,,,,,,,,L1,
KP-0129,图形与几何,常见的量(质量),质量单位的换算,千克与克的进率(1千克=1000克),算法-单位换算,KP-0128,KP-0120,三上,L2,,,,,,,,L2,域3:单位进率记混(米/厘米=100但平方=10000)
KP-0130,图形与几何,图形的运动(初步),轴对称图形,轴对称图形的直观特征,概念-认识,,,二下,L1,,,,,,,,L1,
KP-0131,图形与几何,图形的运动(初步),平移,平移的直观特征,概念-认识,,,二下,L1,,,,,,,,L1,域4:平移格数=端点间距而非对应点间距
KP-0132,图形与几何,图形的运动(初步),旋转,旋转的直观特征,概念-认识,,,五下,L1,,,,,,,,L1,域4:旋转方向和角度判断错误
KP-0133,图形与几何,常见的量(时间),时间单位的认识,秒的认识,概念-认识,,,二下,L1,,,,,,,,L1,
KP-0134,图形与几何,常见的量(时间),时间单位的换算,时与分的进率(1时=60分),算法-单位换算,KP-0467,KP-0129,二下,L2,,,,,,,,L2,域3:单位进率记混(米/厘米=100但平方=10000)
KP-0135,图形与几何,常见的量(时间),时间单位的换算,分与秒的进率(1分=60秒),算法-单位换算,KP-0133,,二下,L2,,,,,,,,L2,域3:单位进率记混(米/厘米=100但平方=10000)
KP-0136,图形与几何,常见的量(时间),时间的计算,计算经过的时间,算法-不进位,KP-0135,,二下,L1,,,,,,,,L1,域5:跨天/跨时段时间计算漏加
KP-0137,图形与几何,观察物体,观察物体(初步),辨认从不同位置观察简单物体的形状,实践-构图,,,三上,L2,,,,,,,,L2,
KP-0138,图形与几何,观察物体,观察物体(组合),辨认从不同方向观察组合几何体的形状,实践-构图,KP-0137,,三上,L2,,,,,,,,L2,
KP-0139,统计与概率,统计初步,分类与整理,按不同标准分类,概念-定义,,,二上,L2,,,,,,,,L2,
KP-0140,统计与概率,统计初步,复式统计表,复式统计表的结构与读取,概念-读写,KP-0139,,三下,L1,,,,,,,,L1,
KP-0141,综合与实践,数学广角,集合(容斥原理),集合的初步认识(韦恩图),表征-互化,KP-0139,,三上,L2,,,,,,,,L2,
KP-0142,数与代数,整数加减法(万以内),两位数加减法(口算),两位数加两位数(不进位口算),算法-不进位,KP-0073,KP-0072,二下,L1,,,,,,,,L1,域2:忘记加上进位的1(工作记忆过载)
KP-0143,数与代数,整数加减法(万以内),两位数加减法(口算),两位数加两位数(进位口算),算法-进位,KP-0142,KP-0073,二下,L1,,,,,,,,L1,域2:忘记加上进位的1(工作记忆过载)
KP-0144,数与代数,整数加减法(万以内),两位数加减法(口算),两位数减两位数(不退位口算),算法-不退位,KP-0075,KP-0074,二下,L1,,,,,,,,L1,域2:个位不够减时反向减(大减小)/忘记借位后十位减1
KP-0145,数与代数,整数加减法(万以内),两位数加减法(口算),两位数减两位数(退位口算),算法-退位,KP-0144,KP-0075,二下,L1,,,,,,,,L1,域2:个位不够减时反向减(大减小)/忘记借位后十位减1
KP-0146,数与代数,整数加减法(万以内),三位数加法(笔算),三位数加三位数(不进位),算法-不进位,KP-0048|KP-0072,KP-0072,二下,L1,,,,,,,,L1,域2:忘记加上进位的1(工作记忆过载)
KP-0147,数与代数,整数加减法(万以内),三位数加法(笔算),三位数加三位数(一次进位),算法-进位,KP-0146,KP-0073,二下,L1,,,,,,,,L1,域2:忘记加上进位的1(工作记忆过载)
KP-0148,数与代数,整数加减法(万以内),三位数加法(笔算),三位数加三位数(连续进位),算法-连续进位,KP-0147,KP-0147,二下,L1,,,,,,,,L1,域2:忘记加上进位的1(工作记忆过载)
KP-0149,数与代数,整数加减法(万以内),三位数加法(笔算),三位数加法(和超过1000),算法-连续进位,KP-0148,KP-0148,二下,L1,,,,,,,,L1,
KP-0150,数与代数,整数加减法(万以内),三位数减法(笔算),三位数减三位数(不退位),算法-不退位,KP-0074|KP-0105,KP-0074,二下,L1,,,,,,,,L1,域2:个位不够减时反向减(大减小)/忘记借位后十位减1
KP-0151,数与代数,整数加减法(万以内),三位数减法(笔算),三位数减三位数(一次退位),算法-退位,KP-0150,KP-0075,二下,L1,,,,,,,,L1,域2:个位不够减时反向减(大减小)/忘记借位后十位减1
KP-0152,数与代数,整数加减法(万以内),三位数减法(笔算),三位数减三位数(连续退位),算法-连续退位,KP-0151,KP-0151,二下,L1,,,,,,,,L1,域2:个位不够减时反向减(大减小)/忘记借位后十位减1
KP-0153,数与代数,整数加减法(万以内),三位数减法(笔算),被减数中间有0的退位减法,算法-中间有0,KP-0152,KP-0152,二下,L1,,,,,,,,L1,E5:305-128=187(中间0借位后变9非10)
KP-0154,数与代数,整数加减法(万以内),三位数减法(笔算),被减数末尾有0的退位减法,算法-末尾有0,KP-0151,KP-0151,二下,L1,,,,,,,,L1,域2:个位不够减时反向减(大减小)/忘记借位后十位减1
KP-0155,数与代数,整数加减法(万以内),加减法估算,加减法估算(求近似值),算法-近似数,KP-0113,,二下,L1,,,,,,,,L1,域2:估算后不验证答案合理性
KP-0156,数与代数,整数加减法(万以内),加减法应用模型(万以内),和差问题,实践-应用模型,KP-0083,,二下,L3,,,,,,,,L3,域5:和差关系搞反(大数小数位置)
KP-0157,数与代数,倍的认识,倍的意义,倍的直观概念,概念-意义,KP-0092,,二下,L2,,,,,,,,L2,域5:倍与'多几倍'混淆
KP-0158,数与代数,倍的认识,求一个数是另一个数的几倍,求倍数关系(包含除模型),算法-不进位,KP-0157,,二下,L1,,,,,,,,L1,域5:倍与'多几倍'混淆
KP-0159,数与代数,倍的认识,求一个数的几倍是多少,求总数关系(乘法模型),算法-不进位,KP-0157,,二下,L1,,,,,,,,L1,
KP-0160,数与代数,整数乘法(多位数乘一位数),口算乘法,整十整百数乘一位数,算法-末尾有0,KP-0089,KP-0154,三上,L1,,,,,,,,L1,
KP-0161,数与代数,整数乘法(多位数乘一位数),笔算乘法,多位数乘一位数(不进位),算法-不进位,KP-0160,KP-0089,三上,L1,,,,,,,,L1,域2:忘记加上进位的1(工作记忆过载)
KP-0162,数与代数,整数乘法(多位数乘一位数),笔算乘法,多位数乘一位数(一次进位),算法-进位,KP-0161,KP-0147,三上,L1,,,,,,,,L1,域2:忘记加上进位的1(工作记忆过载)
KP-0163,数与代数,整数乘法(多位数乘一位数),笔算乘法,多位数乘一位数(连续进位),算法-连续进位,KP-0162,KP-0148,三上,L1,,,,,,,,L1,域2:忘记加上进位的1(工作记忆过载)
KP-0164,数与代数,整数乘法(多位数乘一位数),笔算乘法,因数中间有0的乘法,算法-中间有0,KP-0163,,三上,L1,,,,,,,,L1,域2:中间0借位后变9非10(位值概念不清)
KP-0165,数与代数,整数乘法(多位数乘一位数),笔算乘法,因数末尾有0的乘法,算法-末尾有0,KP-0163,,三上,L1,,,,,,,,L1,域2:末尾0处理错误(忘写或少写0)
KP-0166,数与代数,整数除法(除数是一位数),口算除法,整十整百数除以一位数,算法-不进位,KP-0095,,三下,L1,,,,,,,,L1,
KP-0167,数与代数,整数除法(除数是一位数),笔算除法,两位数除以一位数(首位能整除),算法-除法特殊,KP-0166,KP-0103,三下,L1,,,,,,,,L2,
KP-0168,数与代数,整数除法(除数是一位数),笔算除法,两位数除以一位数(首位不能整除),算法-除法特殊,KP-0167,KP-0167,三下,L1,,,,,,,,L2,
KP-0169,数与代数,整数除法(除数是一位数),笔算除法,三位数除以一位数(首位够除),算法-除法特殊,KP-0168,KP-0168,三下,L1,,,,,,,,L2,
KP-0170,数与代数,整数除法(除数是一位数),笔算除法,三位数除以一位数(首位不够除),算法-除法特殊,KP-0169,KP-0169,三下,L1,,,,,,,,L2,
KP-0171,数与代数,整数除法(除数是一位数),笔算除法,商中间有0的除法,算法-中间有0,KP-0170,KP-0244,三下,L1,,,,,,,,L1,域2:中间0借位后变9非10(位值概念不清)
KP-0172,数与代数,整数除法(除数是一位数),笔算除法,商末尾有0的除法,算法-中间有0,KP-0171,KP-0245,三下,L1,,,,,,,,L1,域2:末尾0处理错误(忘写或少写0)
KP-0173,数与代数,整数除法(除数是一位数),乘除法的验算,乘除法的验算(用逆运算验证),算法-不进位,KP-0170,,三下,L1,,,,,,,,L1,域2:验算时只用原方法重算而非逆运算验证
KP-0174,数与代数,整数乘法(多位数乘一位数),乘除法应用模型(初步),归一问题(先求单一量),实践-应用模型,KP-0158,,三上,L3,,,,,,,,L3,域5:先求单一量还是先求总量方向搞反
KP-0175,数与代数,整数乘法(多位数乘一位数),乘除法应用模型(初步),归总问题(先求总量),实践-应用模型,KP-0174,,三上,L3,,,,,,,,L3,
KP-0176,综合与实践,数学广角,植树问题,植树问题(间隔模型),实践-应用模型,KP-0103,,五上,L3,,,,,,,,L4,域5:棵数与间隔数关系搞反(两端种树vs两端不种)
KP-0177,综合与实践,数学广角,还原问题,还原问题(逆推法),实践-应用模型,KP-0100,,三上,L3,,,,,,,,L4,
KP-0178,图形与几何,常见的量(长度与质量进阶),长度单位的认识,毫米的认识,概念-认识,KP-0118,,三上,L1,,,,,,,,L1,
KP-0179,图形与几何,常见的量(长度与质量进阶),长度单位的认识,分米的认识,概念-认识,KP-0178,,三上,L1,,,,,,,,L1,
KP-0180,图形与几何,常见的量(长度与质量进阶),长度单位的认识,千米的认识,概念-认识,KP-0119,,三上,L1,,,,,,,,L1,
KP-0181,图形与几何,常见的量(长度与质量进阶),长度单位的换算,毫米与厘米的进率(1厘米=10毫米),算法-单位换算,KP-0178,,三上,L2,,,,,,,,L2,域3:单位进率记混(米/厘米=100但平方=10000)
KP-0182,图形与几何,常见的量(长度与质量进阶),长度单位的换算,分米与米的进率(1米=10分米),算法-单位换算,KP-0179,,三上,L2,,,,,,,,L2,域3:单位进率记混(米/厘米=100但平方=10000)
KP-0183,图形与几何,常见的量(长度与质量进阶),长度单位的换算,千米与米的进率(1千米=1000米),算法-单位换算,KP-0180,,三上,L2,,,,,,,,L2,域3:单位进率记混(米/厘米=100但平方=10000)
KP-0184,图形与几何,常见的量(长度与质量进阶),质量单位的认识,吨的认识,概念-认识,KP-0128,,三下,L1,,,,,,,,L1,
KP-0185,图形与几何,常见的量(长度与质量进阶),质量单位的换算,吨与千克的进率(1吨=1000千克),算法-单位换算,KP-0184,,三下,L2,,,,,,,,L2,域3:单位进率记混(米/厘米=100但平方=10000)
KP-0186,图形与几何,平面图形的认识与测量(周长),四边形的认识,四边形的直观特征,概念-认识,,,三下,L1,,,,,,,,L1,
KP-0187,图形与几何,平面图形的认识与测量(周长),长方形与正方形的特征,长方形的边角特征,概念-认识,KP-0186,,三下,L1,,,,,,,,L1,域4:量角器内圈外圈读错/锐角钝角判断错
KP-0188,图形与几何,平面图形的认识与测量(周长),长方形与正方形的特征,正方形的边角特征,概念-认识,KP-0187,,三下,L1,,,,,,,,L1,域4:量角器内圈外圈读错/锐角钝角判断错
KP-0189,图形与几何,平面图形的认识与测量(周长),周长的意义,周长的概念,概念-意义,KP-0186,,三下,L2,,,,,,,,L2,域4:周长与面积混淆(用错公式)
KP-0190,图形与几何,平面图形的认识与测量(周长),周长的计算,长方形周长的算理(对边相等),概念-意义,KP-0187,,三下,L2,,,,,,,,L2,域4:周长与面积混淆(用错公式)
KP-0191,图形与几何,平面图形的认识与测量(周长),周长的计算,长方形周长的计算,算法-不进位,KP-0190,,三下,L1,,,,,,,,L1,域4:周长与面积混淆(用错公式)
KP-0192,图形与几何,平面图形的认识与测量(周长),周长的计算,正方形周长的计算,算法-不进位,KP-0086|KP-0188,,三下,L1,,,,,,,,L1,域4:周长与面积混淆(用错公式)
KP-0193,数与代数,整数乘法(两位数乘两位数),口算乘法,整十数乘整十数,算法-末尾有0,KP-0160,KP-0160,三下,L1,,,,,,,,L1,
KP-0194,数与代数,整数乘法(两位数乘两位数),笔算乘法,两位数乘两位数(不进位),算法-不进位,KP-0193,KP-0161,三下,L1,,,,,,,,L1,域2:忘记加上进位的1(工作记忆过载)
KP-0195,数与代数,整数乘法(两位数乘两位数),笔算乘法,两位数乘两位数(进位),算法-进位,KP-0194,KP-0163,三下,L1,,,,,,,,L1,"E12:45×22=180(把20当2用,丢了一个0)"
KP-0196,图形与几何,平面图形的认识与测量(面积),面积的意义,面积的概念,概念-意义,KP-0189,,三下,L2,,,,,,,,L2,G1:面积题用周长公式(围栏vs地砖混淆)
KP-0197,图形与几何,平面图形的认识与测量(面积),面积单位,平方厘米/平方分米/平方米的认识,概念-认识,KP-0196,,三下,L1,,,,,,,,L1,
KP-0198,图形与几何,平面图形的认识与测量(面积),面积的计算,长方形面积的算理(行列模型),概念-意义,KP-0196|KP-0086,KP-0191,三下,L2,,,,,,,,L2,域4:面积与周长混淆(用错公式)/单位用错
KP-0199,图形与几何,平面图形的认识与测量(面积),面积的计算,长方形面积的计算,算法-不进位,KP-0198,,三下,L1,,,,,,,,L1,域4:面积与周长混淆(用错公式)/单位用错
KP-0200,图形与几何,平面图形的认识与测量(面积),面积的计算,正方形面积的计算,算法-不进位,KP-0199,,三下,L1,,,,,,,,L1,域4:面积与周长混淆(用错公式)/单位用错
KP-0201,图形与几何,平面图形的认识与测量(面积),面积单位的换算,相邻面积单位间的进率(100),算法-单位换算,KP-0197,KP-0120,三下,L2,,,,,,,,L2,域4:面积与周长混淆(用错公式)/单位用错
KP-0202,图形与几何,平面图形的认识与测量(面积),面积单位的换算,公顷的认识与换算,算法-单位换算,KP-0201,KP-0201,三下,L2,,,,,,,,L2,
KP-0203,图形与几何,平面图形的认识与测量(面积),面积单位的换算,平方千米的认识与换算,算法-单位换算,KP-0202,KP-0202,三下,L2,,,,,,,,L2,
KP-0204,图形与几何,常见的量(时间进阶),年月日的认识,大月与小月的特征,概念-认识,,,三下,L1,,,,,,,,L1,
KP-0205,图形与几何,常见的量(时间进阶),年月日的认识,平年与闰年的特征,概念-认识,KP-0204,,三下,L1,,,,,,,,L1,
KP-0206,图形与几何,常见的量(时间进阶),计时法,24时计时法与普通计时法的转换,表征-互化,,,三下,L2,,,,,,,,L2,域5:普通计时法↔24时计时法转换错(+12/−12方向反)
KP-0207,图形与几何,图形与位置,位置的初步认识,上下前后的认识,概念-认识,,,三下,L1,,,,,,,,L1,
KP-0208,图形与几何,图形与位置,位置的初步认识,左右的认识,概念-认识,KP-0207,,三下,L1,,,,,,,,L1,
KP-0209,图形与几何,图形与位置,方向的认识,东南西北的认识,概念-认识,,,三下,L1,,,,,,,,L1,
KP-0210,图形与几何,图形与位置,方向的认识,东北/东南/西北/西南的认识,概念-认识,KP-0209,,三下,L1,,,,,,,,L1,
KP-0211,数与代数,分数的初步认识,分数的意义(初步),几分之一的认识,概念-意义,,,三上,L2,,,,,,,,L2,
KP-0212,数与代数,分数的初步认识,分数的意义(初步),几分之几的认识,概念-意义,KP-0211,,三上,L2,,,,,,,,L2,
KP-0213,数与代数,分数的初步认识,分数比大小(初步),同分母分数比大小,概念-比较,KP-0212,,三上,L1,,,,,,,,L1,域3:用整数思维理解分数(分母越大值越大)
KP-0214,数与代数,分数的初步认识,分数比大小(初步),同分子分数比大小,概念-比较,KP-0213,,三上,L1,,,,,,,,L1,F1:1/3>1/2(整数大小规则错误迁移到分数)
KP-0215,数与代数,分数的初步认识,分数的简单计算,同分母分数加减法(分母小于10),概念-认识,KP-0212,,三上,L1,,,,,,,,L1,域3:用整数思维理解分数(分母越大值越大)
KP-0216,数与代数,分数的初步认识,分数的简单计算,1减去几分之几,算法-不进位,KP-0215,,三上,L1,,,,,,,,L1,
KP-0217,数与代数,小数的初步认识,小数的意义(初步),一位小数的意义,概念-意义,KP-0211|KP-0024,,三下,L2,,,,,,,,L2,
KP-0218,数与代数,小数的初步认识,小数的读写(初步),一位小数的读写,概念-读写,KP-0217,,三下,L1,,,,,,,,L1,域1:数字镜像反转(3写反/6和9混淆)
KP-0219,数与代数,小数的初步认识,小数比大小(初步),一位小数的比大小,概念-比较,KP-0218,,三下,L1,,,,,,,,L1,域3:比与比值混淆/化简比和求比值不分
KP-0220,数与代数,小数的初步认识,小数的简单计算,一位小数的加法(不进位),算法-不进位,KP-0219,,三下,L1,,,,,,,,L1,域2:忘记加上进位的1(工作记忆过载)
KP-0221,数与代数,小数的初步认识,小数的简单计算,一位小数的减法(不退位),算法-不退位,KP-0220,,三下,L1,,,,,,,,L1,域2:个位不够减时反向减(大减小)/忘记借位后十位减1
KP-0222,数与代数,小数的初步认识,小数的简单计算,一位小数的加法(进位),算法-进位,KP-0220,,三下,L1,,,,,,,,L1,域2:忘记加上进位的1(工作记忆过载)
KP-0223,数与代数,小数的初步认识,小数的简单计算,一位小数的减法(退位),算法-退位,KP-0222,,三下,L1,,,,,,,,L1,域2:个位不够减时反向减(大减小)/忘记借位后十位减1
KP-0224,数与代数,整数认识(大数),亿以内数的认识,亿以内数的计数单位与数位顺序,概念-组成,KP-0108,,四上,L1,,,,,,,,L1,
KP-0225,数与代数,整数认识(大数),亿以内数的认识,十进制计数法,概念-意义,KP-0224,,四上,L2,,,,,,,,L2,
KP-0226,数与代数,整数认识(大数),亿以内数的读写,亿以内数的一般读法,概念-读写,KP-0224,KP-0109,四上,L1,,,,,,,,L1,
KP-0227,数与代数,整数认识(大数),亿以内数的读写,亿以内数中间有0的读法,概念-读写,KP-0226,KP-0110,四上,L1,,,,,,,,L1,域2:中间0借位后变9非10(位值概念不清)
KP-0228,数与代数,整数认识(大数),亿以内数的读写,亿以内数末尾有0的读法,概念-读写,KP-0227,KP-0111,四上,L1,,,,,,,,L1,域2:末尾0处理错误(忘写或少写0)
KP-0229,数与代数,整数认识(大数),亿以内数的读写,亿以内数中间和末尾都有0的读法,概念-读写,KP-0228,KP-0227,四上,L1,,,,,,,,L1,
KP-0230,数与代数,整数认识(大数),亿以内数的读写,亿以内数的一般写法,概念-读写,KP-0226,KP-0226,四上,L1,,,,,,,,L1,
KP-0231,数与代数,整数认识(大数),亿以内数的读写,亿以内数中间有0的写法,概念-读写,KP-0230,KP-0227,四上,L1,,,,,,,,L1,域2:中间0借位后变9非10(位值概念不清)
KP-0232,数与代数,整数认识(大数),亿以内数的读写,亿以内数末尾有0的写法,概念-读写,KP-0231,KP-0228,四上,L1,,,,,,,,L1,域2:末尾0处理错误(忘写或少写0)
KP-0233,数与代数,整数认识(大数),亿以内数的读写,亿以内数中间和末尾都有0的写法,概念-读写,KP-0232,KP-0229,四上,L1,,,,,,,,L1,
KP-0234,数与代数,整数认识(大数),大数的改写与近似数,整万数的改写,表征-互化,KP-0226|KP-0230,,四上,L2,,,,,,,,L2,
KP-0235,数与代数,整数认识(大数),大数的改写与近似数,非整万数求近似数,算法-近似数,KP-0234,KP-0113,四上,L1,,,,,,,,L1,
KP-0236,数与代数,整数认识(大数),亿以上数的认识,亿以上数的一般读写,概念-读写,KP-0226|KP-0230,KP-0226,四上,L1,,,,,,,,L1,域1:数字镜像反转(3写反/6和9混淆)
KP-0237,数与代数,整数认识(大数),亿以上数的认识,亿以上数中间有0的读写,概念-读写,KP-0236,KP-0227,四上,L1,,,,,,,,L1,域1:数字镜像反转(3写反/6和9混淆)
KP-0238,数与代数,整数认识(大数),亿以上数的认识,亿以上数末尾有0的读写,概念-读写,KP-0237,KP-0228,四上,L1,,,,,,,,L1,域1:数字镜像反转(3写反/6和9混淆)
KP-0239,数与代数,整数认识(大数),亿以上数的认识,亿以上数中间和末尾都有0的读写,概念-读写,KP-0238,KP-0229,四上,L1,,,,,,,,L1,域1:数字镜像反转(3写反/6和9混淆)
KP-0240,数与代数,整数认识(大数),大数的改写与近似数,整亿数的改写,表征-互化,KP-0236,,四上,L2,,,,,,,,L2,
KP-0241,数与代数,整数认识(大数),大数的改写与近似数,非整亿数求近似数,算法-近似数,KP-0240,KP-0235,四上,L1,,,,,,,,L1,
KP-0242,综合与实践,数学广角,鸡兔同笼,鸡兔同笼问题(假设法),实践-应用模型,KP-0100,,四下,L3,,,,,,,,L4,
KP-0243,数与代数,整数乘法(多位数),三位数乘两位数,三位数乘两位数(一般情况),算法-连续进位,KP-0195,KP-0195,四上,L1,,,,,,,,L1,
KP-0244,数与代数,整数乘法(多位数),三位数乘两位数,因数中间有0的乘法,算法-中间有0,KP-0243,,四上,L1,,,,,,,,L1,域2:中间0借位后变9非10(位值概念不清)
KP-0245,数与代数,整数乘法(多位数),三位数乘两位数,因数末尾有0的乘法,算法-末尾有0,KP-0243,,四上,L1,,,,,,,,L1,域2:末尾0处理错误(忘写或少写0)
KP-0246,数与代数,整数乘法(多位数),积的变化规律,积的变化规律(单因数变化),关系-变化规律,KP-0243,,四上,L3,,,,,,,,L3,
KP-0247,数与代数,整数乘法(多位数),积的变化规律,积的变化规律(双因数变化),关系-变化规律,KP-0246,,四上,L3,,,,,,,,L3,
KP-0248,数与代数,整数乘法(多位数),乘除法估算,乘法估算,算法-近似数,KP-0243,,四上,L1,,,,,,,,L1,域2:估算后不验证答案合理性
KP-0249,数与代数,整数除法(多位数),除数是整十数的除法,除数是整十数的口算除法,算法-不进位,KP-0166,,四上,L1,,,,,,,,L1,"域2:心算时工作记忆过载,中间结果丢失"
KP-0250,数与代数,整数除法(多位数),除数是两位数的除法,试商方法(四舍五入法),算法-不进位,KP-0249|KP-0103,,四上,L1,,,,,,,,L1,域2:试商反复失败(估算能力弱)
KP-0251,数与代数,整数除法(多位数),除数是两位数的除法,除数是两位数(商是一位数),算法-除法特殊,KP-0250,KP-0170,四上,L1,,,,,,,,L2,
KP-0252,数与代数,整数除法(多位数),除数是两位数的除法,除数是两位数(商是两位数),算法-除法特殊,KP-0251,KP-0251,四上,L1,,,,,,,,L2,
KP-0253,数与代数,整数除法(多位数),商的变化规律,商不变的规律,关系-变化规律,KP-0246,,四上,L3,,,,,,,,L3,
KP-0254,数与代数,整数除法(多位数),乘除法估算,除法估算,算法-近似数,KP-0252,,四上,L1,,,,,,,,L1,域2:估算后不验证答案合理性
KP-0255,数与代数,运算定律与简便计算,加法运算定律,加法交换律,关系-运算律,,,四下,L1,,,,,,,,L2,域2:交换律不理解(3+5=8但5+3需重算)
KP-0256,数与代数,运算定律与简便计算,加法运算定律,加法结合律,关系-运算律,KP-0255,,四下,L1,,,,,,,,L2,域2:不会选择合适的运算顺序简化计算
KP-0257,数与代数,运算定律与简便计算,减法的性质,减法的性质(连减变减和),概念-性质,KP-0256,,四下,L3,,,,,,,,L3,
KP-0258,数与代数,运算定律与简便计算,乘法运算定律,乘法交换律,关系-运算律,,KP-0255,四下,L1,,,,,,,,L2,域2:交换律不理解(3+5=8但5+3需重算)
KP-0259,数与代数,运算定律与简便计算,乘法运算定律,乘法结合律,关系-运算律,KP-0258,KP-0256,四下,L1,,,,,,,,L2,域2:不会选择合适的运算顺序简化计算
KP-0260,数与代数,运算定律与简便计算,乘法运算定律,乘法分配律,关系-运算律,KP-0259,,四下,L1,,,,,,,,L2,域2:(a+b)×c只乘a忘乘b/错误展开为a×c+b
KP-0261,数与代数,运算定律与简便计算,除法的性质,除法的性质(连除变除积),概念-性质,KP-0260,,四下,L3,,,,,,,,L3,
KP-0262,数与代数,小数的认识,小数的意义,小数的意义(十进分数),概念-意义,KP-0217,KP-0024,四下,L2,,,,,,,,L2,域3:用整数思维理解分数(分母越大值越大)
KP-0263,数与代数,小数的认识,小数的读写,小数的读法,概念-读写,KP-0262,KP-0109,三下,L1,,,,,,,,L1,
KP-0264,数与代数,小数的认识,小数的读写,小数的一般写法,概念-读写,KP-0263,KP-0263,三下,L1,,,,,,,,L1,
KP-0265,数与代数,小数的认识,小数的读写,小数中间有0的写法,概念-读写,KP-0264,KP-0107,三下,L1,,,,,,,,L1,域2:中间0借位后变9非10(位值概念不清)
KP-0266,数与代数,小数的认识,小数的读写,小数末尾有0的写法,概念-读写,KP-0265,KP-0264,三下,L1,,,,,,,,L1,域2:末尾0处理错误(忘写或少写0)
KP-0267,数与代数,小数的认识,小数的性质,小数的性质(末尾添0去0),算法-末尾有0,KP-0264,,四下,L1,,,,,,,,L1,
KP-0268,数与代数,小数的认识,小数的比大小,多位小数的比大小,概念-比较,KP-0267,KP-0112,三下,L1,,,,,,,,L1,域3:比与比值混淆/化简比和求比值不分
KP-0269,数与代数,小数的认识,小数点位置移动,小数点向右移动引起大小变化,概念-性质,KP-0267,,三下,L3,,,,,,,,L3,域3:小数点移位方向搞反/移动位数记错
KP-0270,数与代数,小数的认识,小数点位置移动,小数点向左移动引起大小变化,概念-性质,KP-0269,,三下,L3,,,,,,,,L3,域3:小数点移位方向搞反/移动位数记错
KP-0271,数与代数,小数的认识,名数互化,单名数之间的互化,算法-单位换算,KP-0269|KP-0270,KP-0202,三下,L2,,,,,,,,L2,
KP-0272,数与代数,小数的认识,名数互化,单复名数之间的互化,算法-单位换算,KP-0271,KP-0271,三下,L2,,,,,,,,L2,
KP-0273,数与代数,小数的认识,小数的近似数,求小数的近似数,算法-近似数,KP-0267,KP-0241,三下,L1,,,,,,,,L1,
KP-0274,数与代数,小数加减法,小数加减法的对齐规则,小数加减法对齐规则(小数点对齐),算法-不进位,KP-0148|KP-0262|KP-0153,,四下,L1,,,,,,,,L1,E2:8.5-2.15=6.45(末位对齐而非小数点对齐)
KP-0275,数与代数,小数加减法,小数加法,小数加法(位数相同不进位),算法-不进位,KP-0274,KP-0146,四下,L1,,,,,,,,L1,域2:忘记加上进位的1(工作记忆过载)
KP-0276,数与代数,小数加减法,小数加法,小数加法(位数相同进位),算法-进位,KP-0275,KP-0148,四下,L1,,,,,,,,L1,域2:忘记加上进位的1(工作记忆过载)
KP-0277,数与代数,小数加减法,小数加法,小数加法(位数不同),算法-进位,KP-0276,KP-0276,四下,L1,,,,,,,,L1,
KP-0278,数与代数,小数加减法,小数减法,小数减法(位数相同不退位),算法-不退位,KP-0274,KP-0150,四下,L1,,,,,,,,L1,域2:个位不够减时反向减(大减小)/忘记借位后十位减1
KP-0279,数与代数,小数加减法,小数减法,小数减法(位数相同退位),算法-退位,KP-0278,KP-0152,四下,L1,,,,,,,,L1,域2:个位不够减时反向减(大减小)/忘记借位后十位减1
KP-0280,数与代数,小数加减法,小数减法,小数减法(位数不同),算法-退位,KP-0279,KP-0279,四下,L1,,,,,,,,L1,
KP-0281,图形与几何,线与角,线段/直线/射线,线段/直线/射线的特征,概念-认识,,,四上,L1,,,,,,,,L1,
KP-0282,图形与几何,线与角,角的度量,角的度量方法(量角器),实践-度量,KP-0123,,四上,L1,,,,,,,,L1,域4:量角器内圈外圈读错/锐角钝角判断错
KP-0283,图形与几何,线与角,角的分类,锐角/直角/钝角/平角/周角的特征,概念-认识,KP-0282,,四上,L1,,,,,,,,L1,域4:量角器内圈外圈读错/锐角钝角判断错
KP-0284,图形与几何,线与角,角的画法,用量角器画指定度数的角,实践-构图,KP-0282,,四上,L2,,,,,,,,L2,域4:量角器内圈外圈读错/锐角钝角判断错
KP-0285,图形与几何,平行与垂直,平行与垂直的认识,同一平面内两条直线的位置关系,概念-认识,KP-0281,,四上,L1,,,,,,,,L1,
KP-0286,图形与几何,平行与垂直,垂线的画法与性质,画垂线的方法,实践-构图,KP-0285,,四上,L2,,,,,,,,L2,
KP-0287,图形与几何,平行与垂直,垂线的画法与性质,点到直线的距离(垂线段最短),概念-定理,KP-0286,,四上,L3,,,,,,,,L3,
KP-0288,图形与几何,平行与垂直,平行线的画法,画平行线的方法,实践-构图,KP-0285,,四上,L2,,,,,,,,L2,
KP-0289,图形与几何,平行与垂直,平行线的性质,平行线间的距离,概念-性质,KP-0288|KP-0287,,四上,L3,,,,,,,,L3,
KP-0290,图形与几何,平面图形的认识(多边形),四边形的性质,四边形的不稳定性,概念-定理,KP-0293,,四下,L3,,,,,,,,L3,
KP-0291,图形与几何,平面图形的认识(多边形),平行四边形,平行四边形的特征,概念-认识,KP-0285,,四上,L1,,,,,,,,L1,
KP-0292,图形与几何,平面图形的认识(多边形),梯形,梯形的特征,概念-认识,KP-0291,,四上,L1,,,,,,,,L1,
KP-0293,图形与几何,平面图形的认识(多边形),三角形的特性,三角形的稳定性,概念-定理,KP-0067,,四下,L3,,,,,,,,L3,域4:量角器内圈外圈读错/锐角钝角判断错
KP-0294,图形与几何,平面图形的认识(多边形),三角形的三边关系,三角形任意两边之和大于第三边,概念-定理,KP-0293,,四下,L3,,,,,,,,L3,域4:量角器内圈外圈读错/锐角钝角判断错
KP-0295,图形与几何,平面图形的认识(多边形),三角形的高,三角形的高(作高方法),实践-构图,KP-0294,,四下,L2,,,,,,,,L2,域4:量角器内圈外圈读错/锐角钝角判断错
KP-0296,图形与几何,平面图形的认识(多边形),三角形的内角和,三角形内角和是180度,概念-定理,KP-0295,,四下,L3,,,,,,,,L3,域4:量角器内圈外圈读错/锐角钝角判断错
KP-0297,图形与几何,平面图形的认识(多边形),多边形内角和,四边形内角和(360度),概念-定理,KP-0296,,四下,L3,,,,,,,,L3,域4:量角器内圈外圈读错/锐角钝角判断错
KP-0298,图形与几何,平面图形的认识(多边形),多边形内角和,多边形内角和公式,概念-定理,KP-0297,,四下,L3,,,,,,,,L3,域4:量角器内圈外圈读错/锐角钝角判断错
KP-0299,图形与几何,平面图形的认识(多边形),三角形的分类,按角分类(锐角/直角/钝角三角形),概念-定义,KP-0296,,四下,L2,,,,,,,,L2,域4:量角器内圈外圈读错/锐角钝角判断错
KP-0300,图形与几何,平面图形的认识(多边形),三角形的分类,按边分类(等腰/等边三角形),概念-定义,KP-0299,,四下,L2,,,,,,,,L2,域4:量角器内圈外圈读错/锐角钝角判断错
KP-0301,图形与几何,图形的运动,平移,在方格纸上平移图形,实践-构图,KP-0131,,二下,L2,,,,,,,,L2,域4:平移格数=端点间距而非对应点间距
KP-0302,图形与几何,图形的运动,轴对称,对称轴的概念与画法,概念-定义,KP-0130,,二下,L2,,,,,,,,L2,域4:对称轴数量漏数/非轴对称图形硬要找对称轴
KP-0303,图形与几何,图形的运动,轴对称,补全轴对称图形,实践-构图,KP-0302,,二下,L2,,,,,,,,L2,
KP-0304,统计与概率,数据统计与分析,条形统计图,1格代表多个单位的条形统计图,表征-互化,KP-0140,KP-0506,四上,L2,,,,,,,,L2,域5:1格代表多少单位读错
KP-0305,统计与概率,数据统计与分析,条形统计图,复式条形统计图,概念-意义,KP-0304,KP-0304,四上,L2,,,,,,,,L2,域5:1格代表多少单位读错
KP-0306,统计与概率,数据统计与分析,平均数,平均数的意义(移多补少原理),概念-意义,KP-0082|KP-0093,,四下,L2,,,,,,,,L2,域5:平均数=总数÷份数但份数数错
KP-0307,统计与概率,数据统计与分析,平均数,平均数的计算(总数÷份数),算法-不进位,KP-0306,,四下,L1,,,,,,,,L1,域5:平均数=总数÷份数但份数数错
KP-0308,数与代数,小数乘除法,小数乘法的对齐规则,小数乘法对齐规则(末位对齐),算法-不进位,KP-0243|KP-0269,,五上,L1,,,,,,,,L1,域3:积的小数点位置错误(忘记数小数位数)
KP-0309,数与代数,小数乘除法,小数乘法,小数乘整数的算理(转化思想),概念-意义,KP-0308|KP-0246,KP-0243,五上,L2,,,,,,,,L2,域3:积的小数点位置错误(忘记数小数位数)
KP-0310,数与代数,小数乘除法,小数乘法,小数乘整数的计算,算法-进位,KP-0309,,五上,L1,,,,,,,,L1,域3:积的小数点位置错误(忘记数小数位数)
KP-0311,数与代数,小数乘除法,小数乘法,小数乘小数的计算,算法-进位,KP-0310,KP-0309,五上,L1,,,,,,,,L1,域3:积的小数点位置错误(忘记数小数位数)
KP-0312,数与代数,小数乘除法,小数乘法,积的末尾去0,算法-末尾有0,KP-0311,,五上,L1,,,,,,,,L1,
KP-0313,数与代数,小数乘除法,小数乘法,积的近似数,算法-近似数,KP-0312,,五上,L1,,,,,,,,L1,
KP-0314,数与代数,小数乘除法,小数乘法,小数乘法中积与因数的大小关系,算法-不进位,KP-0311,,五上,L1,,,,,,,,L1,域3:积的小数点位置错误(忘记数小数位数)
KP-0315,数与代数,小数乘除法,小数除法,除数是整数的小数除法,算法-不退位,KP-0252|KP-0269,KP-0252,五上,L1,,,,,,,,L1,域3:被除数末尾补0继续除时忘打小数点
KP-0316,数与代数,小数乘除法,小数除法,除数是小数的小数除法的算理(商不变规律),概念-意义,KP-0253,KP-0315,五上,L2,,,,,,,,L2,域3:被除数末尾补0继续除时忘打小数点
KP-0317,数与代数,小数乘除法,小数除法,除数是小数的小数除法的计算,算法-单位换算,KP-0316,KP-0316,五上,L2,,,,,,,,L2,域3:被除数末尾补0继续除时忘打小数点
KP-0318,数与代数,小数乘除法,小数除法,被除数末尾补0继续除,算法-末尾有0,KP-0315,,五上,L1,,,,,,,,L1,
KP-0319,数与代数,小数乘除法,小数除法,商不够1补0,算法-除法特殊,KP-0315,,五上,L1,,,,,,,,L2,
KP-0320,数与代数,小数乘除法,小数除法,商的近似数,算法-近似数,KP-0318,,五上,L1,,,,,,,,L1,
KP-0321,数与代数,小数乘除法,循环小数,循环节的认识,概念-认识,KP-0320,,五上,L1,,,,,,,,L1,
KP-0322,数与代数,小数乘除法,循环小数,纯循环小数的认识,概念-定义,KP-0321,,五上,L2,,,,,,,,L2,域3:循环节找错/循环小数≈有限小数(精度混淆)
KP-0323,数与代数,小数乘除法,循环小数,混循环小数的认识,概念-定义,KP-0322,,五上,L2,,,,,,,,L2,域3:循环节找错/循环小数≈有限小数(精度混淆)
KP-0324,数与代数,小数乘除法,小数的分类,纯小数与带小数的概念,概念-定义,KP-0262,,五上,L2,,,,,,,,L2,
KP-0325,数与代数,小数乘除法,小数的分类,有限小数与无限小数的概念,概念-定义,KP-0321,,五上,L2,,,,,,,,L2,
KP-0326,数与代数,代数初步(方程),用字母表示数,用字母表示数量关系,表征-互化,,,五上,L2,,,,,,,,L2,
KP-0327,数与代数,代数初步(方程),用字母表示数,化简含字母的式子,算法-不进位,KP-0326,,五上,L1,,,,,,,,L1,
KP-0328,数与代数,代数初步(方程),方程的认识,方程的概念(含有未知数的等式),概念-意义,KP-0479|KP-0476|KP-0326,,五上,L2,,,,,,,,L2,
KP-0329,数与代数,代数初步(方程),等式的性质,等式的性质1(加减),概念-性质,KP-0328,,五上,L3,,,,,,,,L3,
KP-0330,数与代数,代数初步(方程),等式的性质,等式的性质2(乘除),概念-性质,KP-0329,,五上,L3,,,,,,,,L3,
KP-0331,数与代数,代数初步(方程),解方程,解形如x±a=b的方程,算法-不进位,KP-0329,,五上,L1,,,,,,,,L1,
KP-0332,数与代数,代数初步(方程),解方程,解形如ax=b的方程,算法-不进位,KP-0330,,五上,L1,,,,,,,,L1,
KP-0333,数与代数,代数初步(方程),解方程,解形如a减x等于b的方程,算法-不进位,KP-0331,,五上,L1,,,,,,,,L1,
KP-0334,数与代数,代数初步(方程),解方程,解形如a÷x=b的方程,算法-不进位,KP-0332,,五上,L1,,,,,,,,L1,
KP-0335,数与代数,代数初步(方程),解方程,解形如ax±b=c的方程,算法-不进位,KP-0331,,五上,L1,,,,,,,,L1,
KP-0336,数与代数,代数初步(方程),解方程,解形如ax±bx=c的方程,算法-不进位,KP-0335,,五上,L1,,,,,,,,L1,
KP-0337,数与代数,整数四则混合运算(进阶),含中括号的运算,含中括号的三步混合运算,算法-不进位,KP-0100,,四下,L1,,,,,,,,L1,
KP-0338,数与代数,数论初步,因数与倍数,整除的意义,概念-定义,KP-0478,,五下,L2,,,,,,,,L2,
KP-0339,数与代数,数论初步,因数与倍数,因数与倍数的概念,概念-意义,KP-0086|KP-0338,,五下,L2,,,,,,,,L2,域5:倍与'多几倍'混淆
KP-0340,数与代数,数论初步,因数与倍数,求一个数的因数的方法,算法-不进位,KP-0339,,五下,L1,,,,,,,,L1,
KP-0341,数与代数,数论初步,因数与倍数,求一个数的倍数的方法,算法-不进位,KP-0339,,五下,L1,,,,,,,,L1,域5:倍与'多几倍'混淆
KP-0342,数与代数,数论初步,倍数特征,2的倍数特征(偶数),概念-意义,KP-0339,,五下,L2,,,,,,,,L2,域5:倍与'多几倍'混淆
KP-0343,数与代数,数论初步,倍数特征,5的倍数特征,概念-意义,KP-0339,,五下,L2,,,,,,,,L2,域5:倍与'多几倍'混淆
KP-0344,数与代数,数论初步,倍数特征,3的倍数特征,概念-意义,KP-0339,,五下,L2,,,,,,,,L2,域5:倍与'多几倍'混淆
KP-0345,数与代数,数论初步,质数与合数,质数与合数的概念,概念-认识,KP-0339,,五下,L1,,,,,,,,L1,
KP-0346,数与代数,数论初步,质数与合数,分解质因数,概念-认识,KP-0340|KP-0345,,五下,L1,,,,,,,,L1,
KP-0347,数与代数,数论初步,质数与合数,互质的概念,概念-定义,KP-0350,,五下,L2,,,,,,,,L2,
KP-0348,数与代数,数论初步,平方数,平方数的认识,概念-定义,KP-0086,,五下,L2,,,,,,,,L2,
KP-0349,数与代数,数论初步,奇数与偶数,奇数与偶数的概念,概念-认识,KP-0342,,五下,L1,,,,,,,,L1,
KP-0350,数与代数,数论初步,公因数与公倍数,求最大公因数,算法-约分,KP-0346,,五下,L1,,,,,,,,L1,
KP-0351,数与代数,数论初步,公因数与公倍数,求最小公倍数,算法-约分,KP-0350,,五下,L1,,,,,,,,L1,域5:倍与'多几倍'混淆
KP-0352,数与代数,分数的认识,分数的意义,分数的意义(作为具体的量),概念-意义,KP-0212,,五下,L2,,,,,,,,L2,域3:用整数思维理解分数(分母越大值越大)
KP-0353,数与代数,分数的认识,分数的意义,分数的意义(作为倍数关系),概念-意义,KP-0352,,五下,L2,,,,,,,,L2,域3:用整数思维理解分数(分母越大值越大)
KP-0354,数与代数,分数的认识,分数的意义,"寻找单位""1""的方法",概念-意义,KP-0353,,五下,L2,,,,,,,,L2,
KP-0355,数与代数,分数的认识,分数与除法,分数与除法的关系,表征-互化,KP-0352,,五下,L2,,,,,,,,L2,域3:用整数思维理解分数(分母越大值越大)
KP-0356,数与代数,分数的认识,真假分数,真分数与假分数的概念,概念-认识,KP-0355,,五下,L1,,,,,,,,L1,域3:用整数思维理解分数(分母越大值越大)
KP-0357,数与代数,分数的认识,真假分数,假分数化带分数或整数,表征-互化,KP-0356,,五下,L2,,,,,,,,L2,域3:用整数思维理解分数(分母越大值越大)
KP-0358,数与代数,分数的认识,分数的基本性质,分数的基本性质,概念-性质,KP-0357,,五下,L3,,,,,,,,L3,域3:用整数思维理解分数(分母越大值越大)
KP-0359,数与代数,分数的认识,约分,约分的方法,算法-约分,KP-0350,,五下,L1,,,,,,,,L1,域3:约分不彻底/约分后忘写结果
KP-0360,数与代数,分数的认识,通分,通分的方法,算法-通分,KP-0351,,五下,L1,,,,,,,,L1,域3:找错公分母(用和而非公倍数)/只通分一个分数
KP-0361,数与代数,分数的认识,分数的比大小,分数的大小比较(通分法与化小数法),概念-比较,KP-0360,KP-0268,五下,L1,,,,,,,,L1,域3:用整数思维理解分数(分母越大值越大)
KP-0362,数与代数,分数的认识,分数与小数互化,分数化小数,表征-互化,KP-0355,KP-0262,五下,L2,,,,,,,,L2,域3:用整数思维理解分数(分母越大值越大)
KP-0363,数与代数,分数的认识,分数与小数互化,小数化分数,表征-互化,KP-0358,KP-0362,五下,L2,,,,,,,,L2,域3:用整数思维理解分数(分母越大值越大)
KP-0364,数与代数,分数加减法,同分母分数加减法,同分母分数加减法(不需约分),算法-不进位,KP-0360,,五下,L1,,,,,,,,L1,域3:用整数思维理解分数(分母越大值越大)
KP-0365,数与代数,分数加减法,同分母分数加减法,同分母分数加减法(需约分),算法-约分,KP-0364,,五下,L1,,,,,,,,L1,域3:用整数思维理解分数(分母越大值越大)
KP-0366,数与代数,分数加减法,同分母分数加减法,同分母分数加减法(结果是假分数),算法-进位,KP-0365,,五下,L1,,,,,,,,L1,域3:用整数思维理解分数(分母越大值越大)
KP-0367,数与代数,分数加减法,异分母分数加减法,异分母分数加减法,算法-通分,KP-0364|KP-0274|KP-0360,KP-0277,五下,L1,,,,,,,,L1,E3:1/2+1/3=2/5(分子加分子分母加分母)
KP-0368,数与代数,分数加减法,分数加减法的特殊情况,整数减真分数,算法-退位,KP-0367,,五下,L2,,,,,,,,L1,域3:用整数思维理解分数(分母越大值越大)
KP-0369,数与代数,分数加减法,分数加减法的特殊情况,带分数退位减法,算法-退位,KP-0368,,五下,L1,,,,,,,,L1,域2:个位不够减时反向减(大减小)/忘记借位后十位减1
KP-0370,数与代数,分数加减法,分数加减混合运算,分数加减混合运算,算法-约分,KP-0367,,五下,L1,,,,,,,,L1,域3:用整数思维理解分数(分母越大值越大)
KP-0371,图形与几何,平面图形的测量(面积),平行四边形的面积,平行四边形面积的推导(割补法),概念-意义,KP-0291|KP-0199,KP-0198,五上,L2,,,,,,,,L2,域4:面积与周长混淆(用错公式)/单位用错
KP-0372,图形与几何,平面图形的测量(面积),平行四边形的面积,平行四边形面积的计算,算法-不进位,KP-0371,,五上,L1,,,,,,,,L1,域4:面积与周长混淆(用错公式)/单位用错
KP-0373,图形与几何,平面图形的测量(面积),三角形的面积,三角形面积的推导(拼凑法),概念-意义,KP-0295|KP-0372,KP-0371,五上,L2,,,,,,,,L2,域4:面积与周长混淆(用错公式)/单位用错
KP-0374,图形与几何,平面图形的测量(面积),三角形的面积,三角形面积的计算,算法-不进位,KP-0373,,五上,L1,,,,,,,,L1,域4:面积与周长混淆(用错公式)/单位用错
KP-0375,图形与几何,平面图形的测量(面积),梯形的面积,梯形面积的推导(拼凑法),概念-意义,KP-0372|KP-0292,KP-0373,五上,L2,,,,,,,,L2,域4:面积与周长混淆(用错公式)/单位用错
KP-0376,图形与几何,平面图形的测量(面积),梯形的面积,梯形面积的计算,算法-不进位,KP-0375,,五上,L1,,,,,,,,L1,域4:面积与周长混淆(用错公式)/单位用错
KP-0377,图形与几何,平面图形的测量(面积),组合图形的面积,组合图形面积(加法思路),算法-不进位,KP-0374,,五上,L1,,,,,,,,L1,域4:面积与周长混淆(用错公式)/单位用错
KP-0378,图形与几何,平面图形的测量(面积),组合图形的面积,组合图形面积(减法思路),算法-不进位,KP-0377,,五上,L1,,,,,,,,L1,域4:面积与周长混淆(用错公式)/单位用错
KP-0379,图形与几何,立体图形的认识与测量,长方体和正方体的认识,长方体的特征,概念-认识,KP-0187,,五下,L1,,,,,,,,L1,
KP-0380,图形与几何,立体图形的认识与测量,长方体和正方体的认识,正方体的特征,概念-认识,KP-0379,,五下,L1,,,,,,,,L1,
KP-0381,图形与几何,立体图形的认识与测量,长方体和正方体的认识,长方体/正方体的展开图,实践-构图,KP-0380,KP-0198,五下,L2,,,,,,,,L2,域4:展开图→立体还原心理旋转失败
KP-0382,图形与几何,立体图形的认识与测量,棱长和,长方体的棱长和,概念-认识,KP-0379,,五下,L1,,,,,,,,L1,
KP-0383,图形与几何,立体图形的认识与测量,棱长和,正方体的棱长和,概念-认识,KP-0380,,五下,L1,,,,,,,,L1,
KP-0384,图形与几何,立体图形的认识与测量,表面积,长方体的表面积计算,算法-不进位,KP-0379|KP-0199,,五下,L1,,,,,,,,L1,域4:面积与周长混淆(用错公式)/单位用错
KP-0385,图形与几何,立体图形的认识与测量,表面积,正方体的表面积计算,算法-不进位,KP-0380|KP-0200,,五下,L1,,,,,,,,L1,域4:面积与周长混淆(用错公式)/单位用错
KP-0386,图形与几何,立体图形的认识与测量,表面积,表面积的实际应用(缺面问题),实践-构图,KP-0384,,五下,L2,,,,,,,,L2,域4:面积与周长混淆(用错公式)/单位用错
KP-0387,图形与几何,立体图形的认识与测量,体积与容积,体积与容积的概念,概念-意义,KP-0379,KP-0196,五下,L2,,,,,,,,L2,域4:体积与表面积混淆/单位换算(立方)漏乘1000
KP-0388,图形与几何,立体图形的认识与测量,体积计算,长方体的体积计算,算法-不进位,KP-0387|KP-0384|KP-0086,KP-0198,五下,L1,,,,,,,,L1,域4:体积与表面积混淆/单位换算(立方)漏乘1000
KP-0389,图形与几何,立体图形的认识与测量,体积计算,正方体的体积计算,算法-不进位,KP-0388,,五下,L1,,,,,,,,L1,域4:体积与表面积混淆/单位换算(立方)漏乘1000
KP-0390,图形与几何,立体图形的认识与测量,体积单位,体积单位的换算(立方分米=升),算法-单位换算,KP-0387,,五下,L2,,,,,,,,L2,域4:体积与表面积混淆/单位换算(立方)漏乘1000
KP-0391,图形与几何,图形的位置与运动,位置,用数对确定位置,概念-认识,,,五上,L1,,,,,,,,L1,
KP-0392,图形与几何,图形的位置与运动,旋转,在方格纸上画旋转图形,实践-构图,KP-0132,,五下,L2,,,,,,,,L2,域4:旋转方向和角度判断错误
KP-0393,统计与概率,数据统计与分析,折线统计图,单式折线统计图,实践-构图,KP-0304,KP-0305,五下,L2,,,,,,,,L2,域5:只看折线形状不看纵轴刻度
KP-0394,统计与概率,数据统计与分析,折线统计图,复式折线统计图,实践-构图,KP-0393,KP-0393,五下,L2,,,,,,,,L2,域5:只看折线形状不看纵轴刻度
KP-0395,统计与概率,可能性,可能性的大小,判断可能性的大小,概念-比较,,,五上,L1,,,,,,,,L1,
KP-0396,统计与概率,可能性,可能性的大小,用分数表示可能性的大小,概念-比较,KP-0355|KP-0395,,五上,L1,,,,,,,,L1,域3:用整数思维理解分数(分母越大值越大)
KP-0397,综合与实践,数学广角,找规律,找规律(数列规律),关系-变化规律,KP-0082,,三上,L3,,,,,,,,L3,
KP-0398,综合与实践,数学广角,周期问题,周期问题(余数的应用),实践-应用模型,KP-0103,,三上,L3,,,,,,,,L4,
KP-0399,综合与实践,数学广角,等差数列,等差数列求和,概念-公式,KP-0397,,三上,L1,,,,,,,,L2,
KP-0400,数与代数,分数乘除法,分数乘法,分数乘整数的意义(相同分数连加),概念-意义,KP-0086|KP-0358,KP-0309,六上,L2,,,,,,,,L2,域3:用整数思维理解分数(分母越大值越大)
KP-0401,数与代数,分数乘除法,分数乘法,分数乘整数的计算,算法-约分,KP-0400|KP-0359,,六上,L1,,,,,,,,L1,域3:用整数思维理解分数(分母越大值越大)
KP-0402,数与代数,分数乘除法,分数乘法,分数乘分数的意义(求一个数的几分之几),概念-意义,KP-0400,KP-0400,六上,L2,,,,,,,,L2,域3:用整数思维理解分数(分母越大值越大)
KP-0403,数与代数,分数乘除法,分数乘法,分数乘分数的计算,算法-约分,KP-0402|KP-0359,,六上,L1,,,,,,,,L1,域3:用整数思维理解分数(分母越大值越大)
KP-0404,数与代数,分数乘除法,分数乘法,分数乘法中积与因数的大小关系,算法-不进位,KP-0403,,六上,L1,,,,,,,,L1,域3:用整数思维理解分数(分母越大值越大)
KP-0405,数与代数,分数乘除法,倒数,倒数的概念,概念-意义,KP-0403,,六上,L2,,,,,,,,L2,域3:倒数概念与相反数混淆
KP-0406,数与代数,分数乘除法,倒数,倒数的求法,表征-互化,KP-0405,,六上,L2,,,,,,,,L2,域3:倒数概念与相反数混淆
KP-0407,数与代数,分数乘除法,分数除法,分数除以整数的计算,算法-约分,KP-0406|KP-0403,,六上,L1,,,,,,,,L1,域3:用整数思维理解分数(分母越大值越大)
KP-0408,数与代数,分数乘除法,分数除法,一个数除以分数的计算,算法-约分,KP-0407,,六上,L1,,,,,,,,L1,域3:用整数思维理解分数(分母越大值越大)
KP-0409,数与代数,分数乘除法,分数混合运算,分数四则混合运算,算法-不进位,KP-0408,,六上,L1,,,,,,,,L1,域3:用整数思维理解分数(分母越大值越大)
KP-0410,数与代数,分数乘除法,分数应用模型,求一个数的几分之几是多少,实践-应用模型,KP-0354,,六上,L3,,,,,,,,L3,
KP-0411,数与代数,分数乘除法,分数应用模型,已知几分之几求单位1,实践-应用模型,KP-0410,,六上,L3,,,,,,,,L3,域5:找不到或找错单位'1'
KP-0412,数与代数,分数乘除法,分数应用模型,分数中的量与率辨析,实践-应用模型,KP-0353,,六上,L3,,,,,,,,L3,域3:用整数思维理解分数(分母越大值越大)
KP-0413,数与代数,比和比例,比的认识,比的意义与读写,概念-认识,KP-0408|KP-0353,,六上,L1,,,,,,,,L1,域1:数字镜像反转(3写反/6和9混淆)
KP-0414,数与代数,比和比例,比的认识,连比的概念,概念-定义,KP-0413,,六上,L2,,,,,,,,L2,域3:比与比值混淆/化简比和求比值不分
KP-0415,数与代数,比和比例,比的认识,比的基本性质,概念-性质,KP-0358,,六上,L3,,,,,,,,L3,域3:比与比值混淆/化简比和求比值不分
KP-0416,数与代数,比和比例,比的认识,化简比与求比值,算法-不进位,KP-0415,,六上,L1,,,,,,,,L1,域3:比与比值混淆/化简比和求比值不分
KP-0417,数与代数,比和比例,比例的认识,比例的意义与基本性质,概念-意义,KP-0416,,六下,L2,,,,,,,,L2,域3:正反比例判断错误/比例尺方向用反
KP-0418,数与代数,比和比例,比例的认识,解比例,概念-意义,KP-0417,,六下,L2,,,,,,,,L2,域3:正反比例判断错误/比例尺方向用反
KP-0419,数与代数,比和比例,正反比例,正比例的意义,概念-意义,KP-0418,,六下,L2,,,,,,,,L2,域3:正反比例判断错误/比例尺方向用反
KP-0420,数与代数,比和比例,正反比例,正比例的图像(正比例关系在坐标系中的表示),概念-认识,KP-0419,,六下,L1,,,,,,,,L1,域3:正反比例判断错误/比例尺方向用反
KP-0421,数与代数,比和比例,正反比例,反比例的意义,概念-意义,KP-0419,,六下,L2,,,,,,,,L2,域3:正反比例判断错误/比例尺方向用反
KP-0422,数与代数,比和比例,比例尺,比例尺的意义与分类,概念-认识,KP-0418,,六下,L1,,,,,,,,L1,域3:正反比例判断错误/比例尺方向用反
KP-0423,数与代数,比和比例,比例应用模型,按比分配问题,实践-应用模型,KP-0416,,六下,L3,,,,,,,,L3,域3:比与比值混淆/化简比和求比值不分
KP-0424,数与代数,比和比例,比例应用模型,正比例解题,概念-意义,KP-0419,,六下,L2,,,,,,,,L2,域3:正反比例判断错误/比例尺方向用反
KP-0425,数与代数,比和比例,比例应用模型,反比例解题,概念-意义,KP-0421,,六下,L2,,,,,,,,L2,域3:正反比例判断错误/比例尺方向用反
KP-0426,图形与几何,图形的运动(进阶),图形的放大与缩小,图形的放大与缩小,实践-构图,KP-0422,,五下,L2,,,,,,,,L2,
KP-0427,数与代数,百分数,百分数的认识,百分数的意义与读写,概念-意义,KP-0353|KP-0262,KP-0264,六上,L2,,,,,,,,L2,域1:数字镜像反转(3写反/6和9混淆)
KP-0428,数与代数,百分数,百分数与分数小数的互化,百分数与小数的互化,表征-互化,KP-0269|KP-0270,KP-0363,六上,L2,,,,,,,,L2,域3:用整数思维理解分数(分母越大值越大)
KP-0429,数与代数,百分数,百分数与分数小数的互化,百分数与分数的互化,表征-互化,KP-0362,KP-0428,六上,L2,,,,,,,,L2,域3:用整数思维理解分数(分母越大值越大)
KP-0430,数与代数,百分数,百分数应用模型,折扣与成数问题,实践-应用模型,KP-0427,,六上,L4,,,,,,,,L3,域3:折扣计算方向错(打8折=÷0.8非×0.8)
KP-0431,数与代数,百分数,百分数应用模型,税率问题,实践-应用模型,KP-0427,,六下,L4,,,,,,,,L3,域3:税前/税后方向搞反
KP-0432,数与代数,百分数,百分数应用模型,利率问题,实践-应用模型,KP-0431,,六下,L4,,,,,,,,L3,域3:忘记将年利率换算为期利率
KP-0433,数与代数,百分数,百分数应用模型,利润率问题,实践-应用模型,KP-0432,,六上,L4,,,,,,,,L3,
KP-0434,数与代数,百分数,百分数应用模型,浓度问题,实践-应用模型,KP-0433,,六上,L4,,,,,,,,L3,域3:溶质/溶液/浓度三者关系混淆
KP-0435,数与代数,负数的初步认识,负数的认识,正负数的意义与读写,概念-认识,,KP-0264,六下,L1,,,,,,,,L1,域1:数字镜像反转(3写反/6和9混淆)
KP-0436,数与代数,负数的初步认识,负数在数轴上的表示,数轴上的正负数,概念-比较,KP-0435,,六下,L1,,,,,,,,L1,
KP-0437,数与代数,负数的初步认识,相反数与绝对值,相反数的概念,概念-定义,KP-0436,,六下,L2,,,,,,,,L2,
KP-0438,数与代数,负数的初步认识,相反数与绝对值,绝对值的认识,概念-定义,KP-0436,,六下,L2,,,,,,,,L2,
KP-0439,图形与几何,平面图形的认识与测量(曲线),圆的认识,圆的特征与各部分名称,概念-认识,KP-0068,,六上,L1,,,,,,,,L1,域4:半径/直径混淆/圆周率意义不清
KP-0440,图形与几何,平面图形的认识与测量(曲线),圆的周长,圆周率的意义,概念-意义,KP-0439,,六上,L2,,,,,,,,L2,域4:半径/直径混淆/圆周率意义不清
KP-0441,图形与几何,平面图形的认识与测量(曲线),圆的周长,圆的周长计算,概念-公式,KP-0440,,六上,L2,,,,,,,,L2,域4:周长与面积混淆(用错公式)
KP-0442,图形与几何,平面图形的认识与测量(曲线),圆的面积,圆面积的推导(转化为长方形),概念-意义,KP-0441|KP-0199,KP-0198,六上,L2,,,,,,,,L2,域4:面积与周长混淆(用错公式)/单位用错
KP-0443,图形与几何,平面图形的认识与测量(曲线),圆的面积,圆面积的计算,概念-公式,KP-0442,,六上,L2,,,,,,,,L2,域4:面积与周长混淆(用错公式)/单位用错
KP-0444,图形与几何,平面图形的认识与测量(曲线),圆的面积,圆环面积的计算,概念-公式,KP-0443,,六上,L2,,,,,,,,L2,域4:面积与周长混淆(用错公式)/单位用错
KP-0445,图形与几何,平面图形的认识与测量(曲线),扇形的认识,弧的认识,概念-定义,KP-0439,,六上,L2,,,,,,,,L2,
KP-0446,图形与几何,平面图形的认识与测量(曲线),扇形的认识,圆心角的概念,概念-定义,KP-0445,,六上,L2,,,,,,,,L2,域4:量角器内圈外圈读错/锐角钝角判断错
KP-0447,图形与几何,平面图形的认识与测量(曲线),扇形的认识,扇形的特征,概念-认识,KP-0446,,六上,L1,,,,,,,,L1,域4:圆心角与面积占比不对应
KP-0448,图形与几何,平面图形的认识与测量(曲线),扇形的认识,扇形面积的计算,概念-公式,KP-0447|KP-0443,,六上,L2,,,,,,,,L2,域4:面积与周长混淆(用错公式)/单位用错
KP-0449,图形与几何,立体图形的认识与测量(曲面),圆柱的认识,圆柱的特征与展开图,概念-认识,KP-0441,KP-0381,六下,L1,,,,,,,,L1,域4:展开图→立体还原心理旋转失败
KP-0450,图形与几何,立体图形的认识与测量(曲面),圆柱的表面积,圆柱的侧面积计算,算法-不进位,KP-0449|KP-0199,,六下,L1,,,,,,,,L1,域4:面积与周长混淆(用错公式)/单位用错
KP-0451,图形与几何,立体图形的认识与测量(曲面),圆柱的表面积,圆柱的表面积计算,实践-构图,KP-0450|KP-0443,,六下,L2,,,,,,,,L2,域4:面积与周长混淆(用错公式)/单位用错
KP-0452,图形与几何,立体图形的认识与测量(曲面),圆柱的体积,圆柱体积的推导(转化为长方体),概念-意义,KP-0442|KP-0388,KP-0388,六下,L2,,,,,,,,L2,域4:体积与表面积混淆/单位换算(立方)漏乘1000
KP-0453,图形与几何,立体图形的认识与测量(曲面),圆柱的体积,圆柱体积的计算,概念-公式,KP-0452,KP-0452,六下,L2,,,,,,,,L2,域4:体积与表面积混淆/单位换算(立方)漏乘1000
KP-0454,图形与几何,立体图形的认识与测量(曲面),圆锥的认识,圆锥的特征,概念-认识,KP-0449,,六下,L1,,,,,,,,L1,域4:半径/直径混淆/圆周率意义不清
KP-0455,图形与几何,立体图形的认识与测量(曲面),圆锥的认识,圆锥的侧面展开图(扇形),实践-构图,KP-0454,,六下,L2,,,,,,,,L2,域4:展开图→立体还原心理旋转失败
KP-0456,图形与几何,立体图形的认识与测量(曲面),圆锥的表面积,圆锥的表面积计算,概念-公式,KP-0455|KP-0448,,六下,L2,,,,,,,,L2,域4:面积与周长混淆(用错公式)/单位用错
KP-0457,图形与几何,立体图形的认识与测量(曲面),圆锥的体积,圆锥体积的推导(实验法),概念-意义,KP-0453,KP-0388,六下,L2,,,,,,,,L2,域4:体积与表面积混淆/单位换算(立方)漏乘1000
KP-0458,图形与几何,立体图形的认识与测量(曲面),圆锥的体积,圆锥体积的计算,概念-公式,KP-0457,,六下,L2,,,,,,,,L2,域4:体积与表面积混淆/单位换算(立方)漏乘1000
KP-0459,图形与几何,图形与位置,位置与方向(极坐标),用方向和距离确定位置,概念-认识,KP-0209,,三下,L1,,,,,,,,L1,
KP-0460,统计与概率,统计图表,扇形统计图,扇形统计图的特征与意义,概念-认识,KP-0427,KP-0394,六上,L1,,,,,,,,L1,域4:圆心角与面积占比不对应
KP-0461,统计与概率,数据统计与分析,平均数,加权平均数的概念与计算,概念-公式,KP-0307,,四下,L2,,,,,,,,L2,域5:平均数=总数÷份数但份数数错
KP-0462,统计与概率,数据统计与分析,中位数与众数,中位数的概念与求法,概念-意义,KP-0307,,四下,L2,,,,,,,,L2,
KP-0463,统计与概率,数据统计与分析,中位数与众数,众数的概念与求法,概念-意义,KP-0307,,四下,L2,,,,,,,,L2,
KP-0464,综合与实践,数学广角,数与形,数形结合规律,关系-变化规律,,,六上,L3,,,,,,,,L3,
KP-0465,综合与实践,数学广角,鸽巢问题,抽屉原理的认识,概念-认识,,,六下,L1,,,,,,,,L1,
KP-0466,综合与实践,数学广角,行程问题,行程问题基本数量关系(速度×时间=路程),概念-意义,KP-0243|KP-0520,,三上,L2,,,,,,,,L2,域5:速度/时间/路程三者关系混淆
KP-0467,图形与几何,常见的量(时间),认识钟表,钟面的认识(时针/分针),概念-认识,,,二下,L1,,,,,,,,L1,
KP-0468,图形与几何,常见的量(时间),认识钟表,认识整时,概念-认识,KP-0467,,二下,L1,,,,,,,,L1,
KP-0469,图形与几何,常见的量(时间),认识钟表,认识半时,概念-认识,KP-0468,,二下,L1,,,,,,,,L1,
KP-0470,图形与几何,常见的量(时间),认识钟表,认识几时几分,概念-认识,KP-0469,,二下,L1,,,,,,,,L1,
KP-0471,数与代数,常见的量(货币),人民币的认识,各面值人民币的认识,概念-认识,,,一下,L1,,,,,,,,L1,域5:元角分进退位错误(100进制非10进制)
KP-0472,数与代数,常见的量(货币),人民币的换算,元角分的进率(1元=10角=100分),算法-单位换算,KP-0471,,一下,L2,,,,,,,,L2,域4:量角器内圈外圈读错/锐角钝角判断错
KP-0473,数与代数,常见的量(货币),人民币的简单计算,人民币的加减计算,算法-不进位,KP-0472,,一下,L1,,,,,,,,L1,域5:元角分进退位错误(100进制非10进制)
KP-0474,数与代数,整数认识与加减法(20以内),加减法各部分关系,加法各部分名称(加数+加数=和),概念-认识,KP-0044,,一下,L1,,,,,,,,L1,
KP-0475,数与代数,整数认识与加减法(20以内),加减法各部分关系,减法各部分名称,概念-认识,KP-0045,,一下,L1,,,,,,,,L1,
KP-0476,数与代数,整数认识与加减法(20以内),加减法各部分关系,加减法互逆关系,关系-逆运算,KP-0474,,一下,L2,,,,,,,,L2,
KP-0477,数与代数,表内乘法,乘除法各部分关系,乘法各部分名称(因数×因数=积),概念-认识,KP-0086,,二上,L1,,,,,,,,L1,
KP-0478,数与代数,表内除法,乘除法各部分关系,除法各部分名称(被除数÷除数=商),概念-认识,KP-0091,,二上,L1,,,,,,,,L1,
KP-0479,数与代数,表内除法,乘除法各部分关系,乘除法互逆关系,关系-逆运算,KP-0477,,二上,L2,,,,,,,,L2,
KP-0480,数与代数,整数认识与加减法(20以内),加减法简单应用模型,比多比少模型(求大数),实践-应用模型,KP-0046,,一下,L3,,,,,,,,L3,域3:比与比值混淆/化简比和求比值不分
KP-0481,数与代数,整数认识与加减法(20以内),加减法简单应用模型,比多比少模型(求差量),实践-应用模型,KP-0046,,一下,L3,,,,,,,,L3,域3:比与比值混淆/化简比和求比值不分
KP-0482,数与代数,表内除法,特殊除法规则,0不能作除数,概念-认识,KP-0093,,二上,L1,,,,,,,,L1,
KP-0483,数与代数,表内除法,除法竖式,除法竖式的认识与书写,概念-认识,KP-0095,,二上,L1,,,,,,,,L1,域2:步骤序列错乱(先减后乘)/商中间0漏写
KP-0484,数与代数,整数乘法(多位数乘一位数),乘法估算,乘法估算(多位数乘一位数),算法-近似数,KP-0245,,三上,L1,,,,,,,,L1,域2:估算后不验证答案合理性
KP-0485,数与代数,整数乘法(两位数乘两位数),乘法估算,乘法估算(两位数乘两位数),算法-近似数,KP-0195,,三下,L1,,,,,,,,L1,域2:估算后不验证答案合理性
KP-0486,数与代数,整数除法(除数是一位数),除法估算,除法估算(除数是一位数),算法-近似数,KP-0170,,三下,L1,,,,,,,,L1,域2:估算后不验证答案合理性
KP-0487,数与代数,小数乘除法,小数混合运算,小数四则混合运算,算法-不进位,KP-0321,,五上,L1,,,,,,,,L1,
KP-0488,数与代数,小数乘除法,小数简便计算,小数加减法凑整,算法-不进位,KP-0487,,五上,L1,,,,,,,,L1,
KP-0489,数与代数,小数乘除法,小数简便计算,小数乘法分配律的应用,算法-不进位,KP-0487,,五上,L1,,,,,,,,L1,域2:(a+b)×c只乘a忘乘b/错误展开为a×c+b
KP-0490,数与代数,小数乘除法,小数简便计算,小数乘除法交换律结合律的应用,算法-不进位,KP-0489,,五上,L1,,,,,,,,L1,域2:交换律不理解(3+5=8但5+3需重算)
KP-0491,数与代数,代数初步(方程),解小数方程,解含小数系数的方程,概念-认识,KP-0335,,五上,L1,,,,,,,,L1,
KP-0492,数与代数,分数加减法,分数简便计算,分数加减法凑整,算法-不进位,KP-0370,,五下,L1,,,,,,,,L1,域3:用整数思维理解分数(分母越大值越大)
KP-0493,数与代数,分数乘除法,分数简便计算,分数乘法分配律的应用,算法-不进位,KP-0409,,六上,L1,,,,,,,,L1,域2:(a+b)×c只乘a忘乘b/错误展开为a×c+b
KP-0494,数与代数,分数乘除法,分数简便计算,分数乘除法交换律结合律的应用,算法-不进位,KP-0493,,六上,L1,,,,,,,,L1,域2:交换律不理解(3+5=8但5+3需重算)
KP-0495,数与代数,分数乘除法,分数应用模型,比一个数多(少)几分之几是多少,实践-应用模型,KP-0410,,六上,L3,,,,,,,,L3,域3:比与比值混淆/化简比和求比值不分
KP-0496,数与代数,分数乘除法,分数应用模型,已知比一个数多几分之几或少几分之几求单位1,关系-逆运算,KP-0495,,六上,L2,,,,,,,,L2,域3:比与比值混淆/化简比和求比值不分
KP-0497,数与代数,百分数,百分数的计算,百分数加减计算,算法-不进位,KP-0427,,六上,L1,,,,,,,,L1,域3:用整数思维理解分数(分母越大值越大)
KP-0498,数与代数,百分数,百分数应用模型,求比一个数多(少)百分之几的数,实践-应用模型,KP-0497,,六上,L3,,,,,,,,L3,域3:比与比值混淆/化简比和求比值不分
KP-0499,数与代数,百分数,百分数应用模型,已知比单位1多百分之几或少百分之几求单位1,关系-逆运算,KP-0498,,六上,L2,,,,,,,,L2,域3:比与比值混淆/化简比和求比值不分
KP-0500,图形与几何,平面图形的认识(多边形),三角形的认识,三角形的定义与特征,概念-认识,,,四下,L1,,,,,,,,L1,域4:量角器内圈外圈读错/锐角钝角判断错
KP-0501,图形与几何,平面图形的认识(多边形),三角形的认识,等腰三角形的性质(两底角相等),概念-性质,KP-0300,,四下,L3,,,,,,,,L3,域4:量角器内圈外圈读错/锐角钝角判断错
KP-0502,图形与几何,平面图形的认识(多边形),三角形的认识,等边三角形的性质(三角各60度),概念-性质,KP-0501,,四下,L3,,,,,,,,L3,域4:量角器内圈外圈读错/锐角钝角判断错
KP-0503,图形与几何,平面图形的测量(面积),组合图形的面积,不规则图形面积(数格子法),实践-构图,KP-0378,,五上,L2,,,,,,,,L2,域4:面积与周长混淆(用错公式)/单位用错
KP-0504,图形与几何,平面图形的认识(多边形),密铺,密铺(平面镶嵌)的认识,概念-认识,KP-0291,,四下,L1,,,,,,,,L1,
KP-0505,图形与几何,图形的运动,旋转,在方格纸上画旋转90度后的图形,实践-构图,KP-0392,,五下,L2,,,,,,,,L2,域4:旋转方向和角度判断错误
KP-0506,统计与概率,统计初步,数据的收集,象形统计图,概念-认识,KP-0139,,三下,L1,,,,,,,,L1,
KP-0507,统计与概率,统计初步,数据的收集,正字记录法,概念-认识,KP-0139,,三下,L1,,,,,,,,L1,
KP-0508,统计与概率,数据统计与分析,条形统计图,起始格与1格表示多个单位,概念-认识,KP-0304,,四上,L1,,,,,,,,L1,
KP-0509,统计与概率,可能性,概率初步,简单事件的概率计算,算法-不进位,KP-0396,,五上,L1,,,,,,,,L1,
KP-0510,综合与实践,数学广角,搭配问题,搭配问题(有序列举),实践-应用模型,KP-0100,,三上,L3,,,,,,,,L4,
KP-0511,综合与实践,数学广角,搭配问题,组合型搭配(无序),实践-应用模型,KP-0510,,三上,L3,,,,,,,,L4,
KP-0512,综合与实践,数学广角,优化问题,沏茶问题(时间统筹),实践-应用模型,,,三上,L3,,,,,,,,L4,
KP-0513,综合与实践,数学广角,优化问题,田忌赛马(策略优化),实践-应用模型,,,三上,L3,,,,,,,,L4,
KP-0514,综合与实践,数学广角,等量代换,等量代换(简单替换),概念-认识,,,三上,L1,,,,,,,,L1,
KP-0515,综合与实践,数学广角,逻辑推理,逻辑推理(条件推理/矩阵法),概念-认识,,,三上,L1,,,,,,,,L1,
KP-0516,综合与实践,数学广角,打电话问题,打电话问题(倍增模型),实践-应用模型,,,三上,L3,,,,,,,,L4,域5:倍与'多几倍'混淆
KP-0517,综合与实践,数学广角,找次品问题,找次品(天平称量策略),实践-应用模型,,,三上,L3,,,,,,,,L4,
KP-0518,综合与实践,数学广角,数字编码,数字编码问题(邮编/身份证),实践-应用模型,,,三上,L3,,,,,,,,L4,
KP-0519,数与代数,常见的数量关系,数量关系公式,效率×时间=总量(工程类数量关系),概念-公式,KP-0086,,四下,L2,,,,,,,,L2,域5:工作效率与工作时间关系搞反
KP-0520,数与代数,常见的数量关系,数量关系公式,单价×数量=总价,概念-公式,KP-0086,,四下,L2,,,,,,,,L2,
KP-0521,数与代数,常见的数量关系,数量关系公式,溶质÷溶液=浓度(浓度公式),概念-公式,KP-0427,,四下,L2,,,,,,,,L2,域3:溶质/溶液/浓度三者关系混淆
KP-0522,数与代数,整数认识(大数),自然数的概念,自然数的定义(0和正整数统称自然数),概念-定义,KP-0224,,四上,L2,,,,,,,,L2,
KP-0523,数与代数,整数认识(大数),计算工具,算盘的认识(上珠=5下珠=1拨珠表数),概念-认识,KP-0225,,四上,L1,,,,,,,,L1,
KP-0524,数与代数,整数认识(大数),计算工具,计算器的基本使用,概念-认识,KP-0225,,四上,L1,,,,,,,,L1,
KP-0525,数与代数,运算定律与简便计算,运算律的推广,整数运算律推广到小数的数学事实,概念-性质,KP-0255|KP-0274,,四下,L3,,,,,,,,L3,
KP-0526,图形与几何,立体图形的认识与测量,容积单位,毫升的认识,概念-认识,KP-0387,,五下,L1,,,,,,,,L1,
KP-0527,图形与几何,立体图形的认识与测量,容积单位,升与毫升的进率(1升=1000毫升),算法-单位换算,KP-0526,,五下,L2,,,,,,,,L2,域3:单位进率记混(米/厘米=100但平方=10000)
KP-0528,图形与几何,立体图形的认识与测量,体积单位,相邻体积单位间的进率(1000),算法-单位换算,KP-0387,,五下,L2,,,,,,,,L2,域4:体积与表面积混淆/单位换算(立方)漏乘1000
KP-0529,图形与几何,观察物体,观察物体(还原),根据三视图还原立体图形,实践-构图,KP-0138,,三上,L2,,,,,,,,L2,
KP-0530,图形与几何,平面图形的认识与测量(曲线),圆的应用,同心圆弧长差(确定起跑线原理),实践-应用模型,KP-0441,,六上,L3,,,,,,,,L3,域4:半径/直径混淆/圆周率意义不清
KP-0531,竞赛数学,计数原理,基本计数原理,加法原理(分类计数原理),概念-定义,,,四上,L2,,,,,,,,L3,
KP-0532,竞赛数学,计数原理,基本计数原理,乘法原理(分步计数原理),概念-定义,KP-0531,,四上,L2,,,,,,,,L3,
KP-0533,竞赛数学,计数原理,排列与组合,排列数的概念与计算,概念-定义,KP-0532,,四上,L2,,,,,,,,L3,
KP-0534,竞赛数学,计数原理,排列与组合,组合数的概念与计算,概念-定义,KP-0533,,四上,L2,,,,,,,,L3,
KP-0535,竞赛数学,计数原理,容斥原理,两集合容斥原理公式,表征-互化,KP-0531|KP-0141,,四上,L2,,,,,,,,L2,
KP-0536,竞赛数学,数论进阶,奇偶性运算,奇偶数加减运算规律(奇±奇=偶/奇±偶=奇/偶±偶=偶),关系-变化规律,KP-0349,,六上,L3,,,,,,,,L3,
KP-0537,竞赛数学,数论进阶,奇偶性运算,奇偶数乘法运算规律(奇×奇=奇/奇×偶=偶/偶×偶=偶),关系-变化规律,KP-0349,,六上,L3,,,,,,,,L3,
KP-0538,竞赛数学,数论进阶,整除性质进阶,整除的传递性(a|b且b|c则a|c),概念-性质,KP-0338,,六上,L3,,,,,,,,L3,
KP-0539,竞赛数学,数论进阶,整除性质进阶,7的倍数特征(截尾法),概念-认识,KP-0338,,六上,L1,,,,,,,,L1,域5:倍与'多几倍'混淆
KP-0540,竞赛数学,数论进阶,整除性质进阶,11的倍数特征(奇偶位差法),概念-认识,KP-0338,,六上,L1,,,,,,,,L1,域5:倍与'多几倍'混淆
KP-0541,竞赛数学,数论进阶,余数与同余,余数的运算性质(可加性/可减性/可乘性),概念-性质,KP-0104,,六上,L3,,,,,,,,L3,
KP-0542,竞赛数学,数论进阶,余数与同余,同余的概念与记法(a≡b(mod m)),概念-定义,KP-0541,,六上,L2,,,,,,,,L3,
KP-0543,竞赛数学,数论进阶,完全平方数性质,完全平方数的尾数特征(只能是0/1/4/5/6/9),概念-认识,KP-0348,,六上,L1,,,,,,,,L1,
KP-0544,,,,,概念-认识,,,,L1,,,,,,,,L1,
KP-0545,竞赛数学,数论进阶,完全平方数性质,完全平方数的因数个数为奇数,概念-性质,KP-0348|KP-0339,,六上,L3,,,,,,,,L3,
KP-0546,竞赛数学,数论进阶,因数定理,因数个数定理(质因数分解求因数个数),概念-定理,KP-0346,,六上,L3,,,,,,,,L4,
KP-0547,竞赛数学,数论进阶,因数定理,因数和定理(质因数分解求因数之和),概念-定理,KP-0546,,六上,L3,,,,,,,,L4,
KP-0548,竞赛数学,数论进阶,进位制,进位制的概念(非十进制数的表示方法),概念-定义,KP-0225,,六上,L2,,,,,,,,L3,域2:忘记加上进位的1(工作记忆过载)
KP-0549,竞赛数学,数论进阶,进位制,二进制与十进制的互化,算法-不进位,KP-0548,,六上,L1,,,,,,,,L1,
KP-0550,竞赛数学,计算进阶,等差数列公式体系,等差数列通项公式,概念-公式,KP-0399,,五上,L2,,,,,,,,L3,
KP-0551,竞赛数学,计算进阶,等差数列公式体系,等差数列中项定理,概念-定理,KP-0550,,五上,L3,,,,,,,,L4,
KP-0552,竞赛数学,计算进阶,等比数列,等比数列的概念与通项公式,概念-公式,KP-0554,,五上,L2,,,,,,,,L3,域3:比与比值混淆/化简比和求比值不分
KP-0553,竞赛数学,计算进阶,等比数列,等比数列求和公式,概念-公式,KP-0552,,五上,L2,,,,,,,,L3,域3:比与比值混淆/化简比和求比值不分
KP-0554,竞赛数学,计算进阶,乘方,乘方的定义与运算(a^n的意义),概念-定义,KP-0086,,五上,L2,,,,,,,,L3,
KP-0555,竞赛数学,计算进阶,乘方,同底数幂的运算律(a^m×a^n=a^(m+n)等),关系-运算律,KP-0554,,五上,L2,,,,,,,,L2,
KP-0556,竞赛数学,计算进阶,代数恒等式,平方差公式,概念-公式,KP-0554|KP-0260,,五上,L2,,,,,,,,L3,
KP-0557,竞赛数学,计算进阶,代数恒等式,完全平方公式((a±b)²=a²±2ab+b²),概念-公式,KP-0554,,五上,L2,,,,,,,,L3,
KP-0558,竞赛数学,计算进阶,裂项求和,整数裂项原理(连续整数积差的拆分),关系-运算律,KP-0399,,五上,L2,,,,,,,,L2,
KP-0559,竞赛数学,计算进阶,裂项求和,分数裂项原理(1/(n(n+k))的拆分),关系-运算律,KP-0367,,五上,L2,,,,,,,,L2,域3:用整数思维理解分数(分母越大值越大)
KP-0560,竞赛数学,计算进阶,循环小数与分数互化,纯循环小数化分数的方法,算法-不进位,KP-0321,,五上,L1,,,,,,,,L1,域3:用整数思维理解分数(分母越大值越大)
KP-0561,竞赛数学,计算进阶,循环小数与分数互化,混循环小数化分数的方法,算法-不进位,KP-0560,,五上,L1,,,,,,,,L1,域3:用整数思维理解分数(分母越大值越大)
KP-0562,竞赛数学,几何进阶,三角形外角,三角形外角定理(外角=不相邻两内角之和),概念-定理,KP-0296,,五上,L3,,,,,,,,L4,域4:量角器内圈外圈读错/锐角钝角判断错
KP-0563,竞赛数学,几何进阶,三角形外角,多边形外角和(360度),概念-定理,KP-0298,,五上,L3,,,,,,,,L4,域4:量角器内圈外圈读错/锐角钝角判断错
KP-0564,竞赛数学,几何进阶,勾股定理,勾股定理(直角三角形a²+b²=c²),概念-定理,KP-0299,,五上,L3,,,,,,,,L4,域4:量角器内圈外圈读错/锐角钝角判断错
KP-0565,竞赛数学,几何进阶,勾股定理,常见勾股数组,概念-定义,KP-0564,,五上,L2,,,,,,,,L3,
KP-0566,竞赛数学,几何进阶,相似三角形,相似三角形的概念与判定,概念-定理,KP-0299|KP-0300,,五上,L3,,,,,,,,L4,域4:量角器内圈外圈读错/锐角钝角判断错
KP-0567,竞赛数学,几何进阶,相似三角形,相似比与面积比的关系(面积比=相似比²),概念-定理,KP-0566,,五上,L3,,,,,,,,L4,域3:比与比值混淆/化简比和求比值不分
KP-0568,竞赛数学,几何进阶,面积关系定理,等高三角形面积比等于底之比,概念-定理,KP-0374,,五上,L3,,,,,,,,L4,域3:比与比值混淆/化简比和求比值不分
KP-0569,竞赛数学,几何进阶,面积关系定理,等底三角形面积比等于高之比,概念-定理,KP-0374,,五上,L3,,,,,,,,L4,域3:比与比值混淆/化简比和求比值不分
KP-0570,竞赛数学,方程进阶,方程组,二元一次方程组的概念与解法,概念-定义,KP-0328,,五上,L2,,,,,,,,L3,
KP-0571,竞赛数学,方程进阶,不定方程,不定方程的概念(整数解约束),概念-定义,KP-0328,,五上,L2,,,,,,,,L3,
KP-0572,数与代数,分数加减法,同分母分数加减法,同分母分数加减法的算理(相同分数单位直接相加减),概念-意义,KP-0358|KP-0360,,五下,人教版,5,下,,,,,,L2,域3:用整数思维理解分数(分母越大值越大)
KP-0573,数与代数,分数加减法,异分母分数加减法,异分母分数加减法的算理(通分=统一分数单位),概念-意义,KP-0572|KP-0363,,五下,人教版,5,下,,,,,,L2,域3:用整数思维理解分数(分母越大值越大)
KP-0574,数与代数,小数加减法,小数加减法的对齐规则,小数加减法对齐规则的算理(相同计数单位相加减),概念-意义,KP-0153|KP-0262,,四下,人教版,4,下,,,,,,L2,域3:末位对齐而非小数点对齐
KP-0575,数与代数,表内乘法,乘法口诀,乘法口诀表的整体规律(交换位置积不变),概念-性质,KP-0088|KP-0089,,二上,人教版,2,上,,,,,,L2,域2:检索失败(邻项干扰)/序列依赖(必须从头背)
KP-0576,图形与几何,观察物体,三视图,三视图的概念(正/侧/上面投影),概念-定义,KP-0138,,五下,人教版,5,下,,,,,,L2,
KP-0577,图形与几何,平面图形的测量(面积),面积关系,等底等高三角形与平行四边形面积关系,概念-定理,KP-0374|KP-0372,,五上,人教版,5,上,,,,,,L3,"域4:忘记三角形面积÷2,直接用底×高等于平行四边形面积"
