人教版,一年级上册,数学游戏,在校园里找一找,
人教版,一年级上册,数学游戏,在操场上玩一玩,
人教版,一年级上册,数学游戏,在教室里认一认,
人教版,一年级上册,数学游戏,在教室里玩一玩,
人教版,一年级上册,数学游戏,学习准备,
人教版,一年级上册,一 5以内数的认识和加、减法,1.1~5的认识,1~5的认识
人教版,一年级上册,一 5以内数的认识和加、减法,1.1~5的认识,比大小
人教版,一年级上册,一 5以内数的认识和加、减法,1.1~5的认识,第几
人教版,一年级上册,一 5以内数的认识和加、减法,1.1~5的认识,分与合
人教版,一年级上册,一 5以内数的认识和加、减法,2.1~5的加、减法,加法
人教版,一年级上册,一 5以内数的认识和加、减法,2.1~5的加、减法,减法
人教版,一年级上册,一 5以内数的认识和加、减法,3.0的认识和加、减法,
人教版,一年级上册,一 5以内数的认识和加、减法,整理和复习,
人教版,一年级上册,二 6~10的认识和加、减法,1.6~9的认识,6~9的认识
人教版,一年级上册,二 6~10的认识和加、减法,1.6~9的认识,比大小、第几
人教版,一年级上册,二 6~10的认识和加、减法,1.6~9的认识,分与合
人教版,一年级上册,二 6~10的认识和加、减法,2.6~9的加、减法,6和7的加、减法
人教版,一年级上册,二 6~10的认识和加、减法,2.6~9的加、减法,8和9的加、减法
人教版,一年级上册,二 6~10的认识和加、减法,3.10的认识和加、减法,10的认识
人教版,一年级上册,二 6~10的认识和加、减法,3.10的认识和加、减法,10的加、减法
人教版,一年级上册,二 6~10的认识和加、减法,3.10的认识和加、减法,连加、连减
人教版,一年级上册,二 6~10的认识和加、减法,3.10的认识和加、减法,加减混合
人教版,一年级上册,二 6~10的认识和加、减法,整理和复习,
人教版,一年级上册,三认识立体图形,,
人教版,一年级上册,四 11~20的认识,10的再认识,
人教版,一年级上册,四 11~20的认识,11~20的认识,
人教版,一年级上册,四 11~20的认识,简单的加、减法,
人教版,一年级上册,四 11~20的认识,整理和复习,
人教版,一年级上册,五 20以内的进位加法,9加几,
人教版,一年级上册,五 20以内的进位加法,8、7、6加几,
人教版,一年级上册,五 20以内的进位加法,5、4、3、2加几,
人教版,一年级上册,五 20以内的进位加法,整理和复习,
人教版,一年级上册,六复习与关联,整理复习,数与运算
人教版,一年级上册,六复习与关联,整理复习,数量关系
人教版,一年级上册,六复习与关联,整理复习,图形的认识
人教版,一年级上册,六复习与关联,应用提升,
人教版,一年级上册,开学,,
人教版,一年级上册,寒暑假,,
人教版,一年级下册,一认识平面图形,整理和复习,
人教版,一年级下册,二 20以内的退位减法,十几减9,
人教版,一年级下册,二 20以内的退位减法,十几减8、7、6,
人教版,一年级下册,二 20以内的退位减法,十几减5、4、3、2,
人教版,一年级下册,二 20以内的退位减法,整理和复习,
人教版,一年级下册,三 100以内数的认识,数数、数的组成,
人教版,一年级下册,三 100以内数的认识,数的顺序、比较大小,
人教版,一年级下册,三 100以内数的认识,简单的加、减法,
人教版,一年级下册,三 100以内数的认识,摆一摆，想一想,
人教版,一年级下册,三 100以内数的认识,整理和复习,
人教版,一年级下册,四 100以内的口算加、减法,1.口算加法,
人教版,一年级下册,四 100以内的口算加、减法,2.口算减法,
人教版,一年级下册,四 100以内的口算加、减法,整理和复习,
人教版,一年级下册,五 100以内的笔算加、减法,1.笔算加法,
人教版,一年级下册,五 100以内的笔算加、减法,2.笔算减法,
人教版,一年级下册,五 100以内的笔算加、减法,整理和复习,
人教版,一年级下册,六数量间的加减关系,整理和复习,
人教版,一年级下册,☆欢乐购物街,认识人民币,
人教版,一年级下册,☆欢乐购物街,买卖我做主,
人教版,一年级下册,☆欢乐购物街,小讲堂,
人教版,一年级下册,七复习与关联,整理复习,数与运算
人教版,一年级下册,七复习与关联,整理复习,数量关系
人教版,一年级下册,七复习与关联,整理复习,图形的认识
人教版,一年级下册,七复习与关联,应用提升,
人教版,一年级下册,开学,,
人教版,一年级下册,寒暑假,,
人教版,二年级上册,一分类与整理,,
人教版,二年级上册,二 1~6的表内乘法,1.乘法的初步认识,
人教版,二年级上册,二 1~6的表内乘法,2.2~6的乘法口诀,5的乘法口诀
人教版,二年级上册,二 1~6的表内乘法,2.2~6的乘法口诀,2、3、4的乘法口诀
人教版,二年级上册,二 1~6的表内乘法,2.2~6的乘法口诀,乘加、乘减
人教版,二年级上册,二 1~6的表内乘法,2.2~6的乘法口诀,6的乘法口诀
人教版,二年级上册,二 1~6的表内乘法,整理和复习,
人教版,二年级上册,三 1~6的表内除法,1.除法的初步认识,平均分
人教版,二年级上册,三 1~6的表内除法,1.除法的初步认识,除法
人教版,二年级上册,三 1~6的表内除法,2.用2~6的乘法口诀求商,
人教版,二年级上册,三 1~6的表内除法,整理和复习,
人教版,二年级上册,☆校园小导游,认识东、南、西、北,
人教版,二年级上册,☆校园小导游,校园小导游,
人教版,二年级上册,☆校园小导游,小讲堂,
人教版,二年级上册,四厘米和米,整理和复习,
人教版,二年级上册,☆身体上的尺子,身体上的长度,
人教版,二年级上册,☆身体上的尺子,身体上的尺子,
人教版,二年级上册,☆身体上的尺子,小讲堂,
人教版,二年级上册,五 7~9的表内乘、除法,7~9的乘法口诀,
人教版,二年级上册,五 7~9的表内乘、除法,用7~9的乘法口诀求商,
人教版,二年级上册,五 7~9的表内乘、除法,整理和复习,
人教版,二年级上册,六复习与关联,整理复习,数与运算
人教版,二年级上册,六复习与关联,整理复习,数量关系
人教版,二年级上册,六复习与关联,整理复习,图形的位置与测量
人教版,二年级上册,六复习与关联,整理复习,数据分类
人教版,二年级上册,六复习与关联,应用提升,
人教版,二年级上册,开学,,
人教版,二年级上册,寒暑假,,
人教版,二年级下册,☆时间在哪里,认识时间,
人教版,二年级下册,☆时间在哪里,我与时间的故事,
人教版,二年级下册,☆时间在哪里,我的时间小书,
人教版,二年级下册,☆时间在哪里,小讲堂,
人教版,二年级下册,一有余数的除法,整理和复习,
人教版,二年级下册,二数量间的乘除关系,整理和复习,
人教版,二年级下册,三万以内数的认识,1000以内数的认识,
人教版,二年级下册,三万以内数的认识,10000以内数的认识,
人教版,二年级下册,三万以内数的认识,简单的加、减法,
人教版,二年级下册,三万以内数的认识,整理和复习,
人教版,二年级下册,四万以内的加法和减法,1.加法,
人教版,二年级下册,四万以内的加法和减法,2.减法,
人教版,二年级下册,四万以内的加法和减法,3.加、减法各部分间的关系,
人教版,二年级下册,四万以内的加法和减法,*数独游戏,
人教版,二年级下册,四万以内的加法和减法,整理和复习,
人教版,二年级下册,☆数学连环画,连环画分享会,
人教版,二年级下册,☆数学连环画,我是小画家,
人教版,二年级下册,☆数学连环画,小小故事会,
人教版,二年级下册,五复习与关联,整理复习,数与运算
人教版,二年级下册,五复习与关联,整理复习,数量关系
人教版,二年级下册,五复习与关联,应用提升,
人教版,二年级下册,开学,,
人教版,二年级下册,寒暑假,,
人教版,三年级上册,一观察物体,,
人教版,三年级上册,二混合运算,整理和复习,
人教版,三年级上册,三毫米、分米和千米,毫米、分米的认识,
人教版,三年级上册,三毫米、分米和千米,千米的认识,
人教版,三年级上册,三毫米、分米和千米,整理和复习,
人教版,三年级上册,☆曹冲称象的故事,认识质量单位,
人教版,三年级上册,☆曹冲称象的故事,称重我很行,
人教版,三年级上册,☆曹冲称象的故事,称重大挑战,
人教版,三年级上册,☆曹冲称象的故事,小讲堂,
人教版,三年级上册,四多位数乘一位数,1.口算乘法,
人教版,三年级上册,四多位数乘一位数,2.笔算乘法,
人教版,三年级上册,四多位数乘一位数,整理和复习,
人教版,三年级上册,☆数字编码,认识数字编码,
人教版,三年级上册,☆数字编码,编制学号,
人教版,三年级上册,☆数字编码,小讲堂,
人教版,三年级上册,五线和角,1.线段、射线、直线,
人教版,三年级上册,五线和角,2.角的认识,
人教版,三年级上册,五线和角,整理和复习,
人教版,三年级上册,六分数的初步认识,1.初步认识分数,几分之一
人教版,三年级上册,六分数的初步认识,1.初步认识分数,几分之几
人教版,三年级上册,六分数的初步认识,2.分数的简单计算,
人教版,三年级上册,六分数的初步认识,3.进一步认识分数,
人教版,三年级上册,六分数的初步认识,整理和复习,
人教版,三年级上册,七复习与关联,整理复习,数与运算
人教版,三年级上册,七复习与关联,整理复习,数量关系
人教版,三年级上册,七复习与关联,整理复习,图形的认识与测量
人教版,三年级上册,七复习与关联,整理复习,常见的量
人教版,三年级上册,七复习与关联,应用提升,
人教版,三年级上册,七复习与关联,*数学广角：搭配问题,
人教版,三年级上册,开学,,
人教版,三年级上册,寒暑假,,
人教版,三年级下册,一生活中的运动现象,剪纸,
人教版,三年级下册,二除数是一位数的除法,1.口算除法,
人教版,三年级下册,二除数是一位数的除法,2.笔算除法,
人教版,三年级下册,二除数是一位数的除法,整理和复习,
人教版,三年级下册,三长方形和正方形,多边形,
人教版,三年级下册,三长方形和正方形,周长,
人教版,三年级下册,三长方形和正方形,拼图游戏,
人教版,三年级下册,三长方形和正方形,整理和复习,
人教版,三年级下册,四图形的面积,面积和面积单位,
人教版,三年级下册,四图形的面积,长方形和正方形的面积,
人教版,三年级下册,四图形的面积,面积单位间的进率,
人教版,三年级下册,四图形的面积,整理和复习,
人教版,三年级下册,五数据的收集与整理,整理和复习,
人教版,三年级下册,☆年、月、日的秘密,年历中的秘密,
人教版,三年级下册,☆年、月、日的秘密,作息时间表中的秘密,
人教版,三年级下册,☆年、月、日的秘密,年历设计师,
人教版,三年级下册,☆年、月、日的秘密,小讲堂,
人教版,三年级下册,六小数的初步认识,认识小数,
人教版,三年级下册,六小数的初步认识,小数的大小比较,
人教版,三年级下册,六小数的初步认识,简单的小数加、减法,
人教版,三年级下册,六小数的初步认识,整理和复习,
人教版,三年级下册,七复习与关联,整理复习,数与运算
人教版,三年级下册,七复习与关联,整理复习,数量关系
人教版,三年级下册,七复习与关联,整理复习,图形的认识与测量、位置与运动
人教版,三年级下册,七复习与关联,整理复习,数据的收集、整理与表达
人教版,三年级下册,七复习与关联,整理复习,常见的量
人教版,三年级下册,七复习与关联,应用提升,
人教版,三年级下册,七复习与关联,*数学广角：重叠问题,
人教版,三年级下册,开学,,
人教版,三年级下册,寒暑假,,
人教版,四年级上册,一万以上数的认识,亿以内数的认识,
人教版,四年级上册,一万以上数的认识,亿以上数的认识,
人教版,四年级上册,一万以上数的认识,数的大小比较,
人教版,四年级上册,一万以上数的认识,数的改写和求近似数,
人教版,四年级上册,一万以上数的认识,整理和复习,
人教版,四年级上册,☆1亿有多大,1亿张纸有多高,
人教版,四年级上册,☆1亿有多大,1亿有多大,
人教版,四年级上册,☆1亿有多大,小讲堂,
人教版,四年级上册,二角的度量,角的再认识,
人教版,四年级上册,二角的度量,角的度量,
人教版,四年级上册,二角的度量,整理和复习,
人教版,四年级上册,三多位数乘两位数,1.口算乘法,
人教版,四年级上册,三多位数乘两位数,2.笔算乘法,
人教版,四年级上册,三多位数乘两位数,整理和复习,
人教版,四年级上册,四加法模型和乘法模型,,
人教版,四年级上册,五平行四边形和梯形,平行和垂直,
人教版,四年级上册,五平行四边形和梯形,平行四边形和梯形,
人教版,四年级上册,五平行四边形和梯形,整理和复习,
人教版,四年级上册,五平行四边形和梯形,神奇的默比乌斯带,
人教版,四年级上册,六条形统计图,单式条形统计图,
人教版,四年级上册,六条形统计图,复式条形统计图,
人教版,四年级上册,☆寻找宝藏,校园寻宝,
人教版,四年级上册,☆寻找宝藏,绘制藏宝图,
人教版,四年级上册,☆寻找宝藏,藏宝——寻宝大挑战,
人教版,四年级上册,☆寻找宝藏,小讲堂,
人教版,四年级上册,七复习与关联,整理复习,数与运算
人教版,四年级上册,七复习与关联,整理复习,数量关系
人教版,四年级上册,七复习与关联,整理复习,图形的认识与测量
人教版,四年级上册,七复习与关联,整理复习,数据的收集、整理与表达
人教版,四年级上册,七复习与关联,应用提升,
人教版,四年级上册,开学,,
人教版,四年级上册,寒暑假,,
人教版,五年级上册,一观察简单组合体,,
人教版,五年级上册,二小数乘法,小数乘整数,
人教版,五年级上册,二小数乘法,小数乘小数,
人教版,五年级上册,二小数乘法,整数乘法运算律推广到小数,
人教版,五年级上册,二小数乘法,整理和复习,
人教版,五年级上册,三小数除法,除数是整数的小数除法,
人教版,五年级上册,三小数除法,一个数除以小数,
人教版,五年级上册,三小数除法,整理和复习,
人教版,五年级上册,四图形的运动,轴对称,
人教版,五年级上册,四图形的运动,平移,
人教版,五年级上册,四图形的运动,旋转,
人教版,五年级上册,四图形的运动,设计图案,
人教版,五年级上册,四图形的运动,整理和复习,
人教版,五年级上册,五用字母表示数和数量关系,*探秘百数表,
人教版,五年级上册,五用字母表示数和数量关系,整理和复习,
人教版,五年级上册,六多边形的面积,平行四边形的面积,
人教版,五年级上册,六多边形的面积,三角形的面积,
人教版,五年级上册,六多边形的面积,梯形的面积,
人教版,五年级上册,六多边形的面积,组合图形的面积,
人教版,五年级上册,六多边形的面积,*格点多边形的面积,
人教版,五年级上册,六多边形的面积,整理和复习,
人教版,五年级上册,☆有趣的密铺,密铺,
人教版,五年级上册,☆有趣的密铺,设计密铺图案,
人教版,五年级上册,☆有趣的密铺,小讲堂,
人教版,五年级上册,七可能性,*掷一掷,
人教版,五年级上册,七可能性,整理和复习,
人教版,五年级上册,八复习与关联,整理复习,数与运算
人教版,五年级上册,八复习与关联,整理复习,数量关系
人教版,五年级上册,八复习与关联,整理复习,图形的位置
人教版,五年级上册,八复习与关联,整理复习,图形的运动与测量
人教版,五年级上册,八复习与关联,整理复习,可能性
人教版,五年级上册,八复习与关联,应用提升,
人教版,五年级上册,八复习与关联,*数学广角：植树问题,
人教版,五年级上册,开学,,
人教版,五年级上册,寒暑假,,
人教版,六年级上册,一确定位置,用有序数对确定位置,
人教版,六年级上册,一确定位置,用方向和距离确定位置,
人教版,六年级上册,一确定位置,整理和复习,
人教版,六年级上册,二分数乘法,分数乘整数,
人教版,六年级上册,二分数乘法,一个数乘分数,
人教版,六年级上册,二分数乘法,分数、小数混合运算及运算律,
人教版,六年级上册,二分数乘法,整理和复习,
人教版,六年级上册,三分数除法,1.倒数的认识,
人教版,六年级上册,三分数除法,2.分数除法,一个数除以整数
人教版,六年级上册,三分数除法,2.分数除法,一个数除以分数
人教版,六年级上册,三分数除法,整理和复习,
人教版,六年级上册,☆生活中的负数,寻找负数,
人教版,六年级上册,☆生活中的负数,认识负数,
人教版,六年级上册,☆生活中的负数,应用负数,
人教版,六年级上册,☆生活中的负数,小讲堂,
人教版,六年级上册,四圆,1.圆和扇形的认识,
人教版,六年级上册,四圆,2.圆的周长,
人教版,六年级上册,四圆,3.圆的面积,
人教版,六年级上册,四圆,*利用圆设计图案,
人教版,六年级上册,四圆,整理和复习,
人教版,六年级上册,☆体育中的数学,确定主题,
人教版,六年级上册,☆体育中的数学,分析研讨,
人教版,六年级上册,☆体育中的数学,交流分享,
人教版,六年级上册,五百分数,1.百分数的意义,
人教版,六年级上册,五百分数,2.百分数的应用,
人教版,六年级上册,五百分数,确定达标线,
人教版,六年级上册,五百分数,整理和复习,
人教版,六年级上册,☆水是生命之源,,
人教版,六年级上册,六复习与关联,整理复习,数与运算
人教版,六年级上册,六复习与关联,整理复习,图形的认识与测量
人教版,六年级上册,六复习与关联,整理复习,图形的位置与运动
人教版,六年级上册,六复习与关联,整理复习,数据的收集、整理与表达
人教版,六年级上册,六复习与关联,应用提升,
人教版,六年级上册,六复习与关联,*数学广角：鸽巢问题,
人教版,六年级上册,开学,,
人教版,六年级上册,寒暑假,,
人教版,四年级下册,1四则运算,加、减法的意义和各部分间的关系,
人教版,四年级下册,1四则运算,乘、除法的意义和各部分间的关系,
人教版,四年级下册,1四则运算,括号,
人教版,四年级下册,2观察物体（二）,,
人教版,四年级下册,3运算律,加法运算律,
人教版,四年级下册,3运算律,乘法运算律,
人教版,四年级下册,4小数的意义和性质,1.小数的意义和读写法,小数的意义
人教版,四年级下册,4小数的意义和性质,1.小数的意义和读写法,小数的读法和写法
人教版,四年级下册,4小数的意义和性质,2.小数的性质和大小比较,小数的性质
人教版,四年级下册,4小数的意义和性质,2.小数的性质和大小比较,小数的大小比较
人教版,四年级下册,4小数的意义和性质,3.小数点移动引起小数大小的变化,
人教版,四年级下册,4小数的意义和性质,4.小数与单位换算,
人教版,四年级下册,4小数的意义和性质,5.小数的近似数,
人教版,四年级下册,4小数的意义和性质,整理和复习,
人教版,四年级下册,5三角形,三角形的特性,
人教版,四年级下册,5三角形,三角形的分类,
人教版,四年级下册,5三角形,三角形的内角和,
人教版,四年级下册,6小数的加法和减法,小数加减法,
人教版,四年级下册,6小数的加法和减法,小数加减混合运算,
人教版,四年级下册,6小数的加法和减法,整数加法运算律推广到小数,
人教版,四年级下册,7图形的运动（二）,轴对称,
人教版,四年级下册,7图形的运动（二）,平移,
人教版,四年级下册,8平均数与条形统计图,平均数,
人教版,四年级下册,8平均数与条形统计图,复式条形统计图,
人教版,四年级下册,营养午餐,,
人教版,四年级下册,9数学广角——鸡兔同笼,,
人教版,四年级下册,10总复习,,
人教版,四年级下册,开学,,
人教版,四年级下册,寒暑假,,
人教版,五年级下册,1观察物体（三）,,
人教版,五年级下册,2因数和倍数,1.因数和倍数的认识,
人教版,五年级下册,2因数和倍数,2.2、5、3的倍数,
人教版,五年级下册,2因数和倍数,3.质数和合数,
人教版,五年级下册,3长方体和正方体,1长方体和正方体的认识,长方体
人教版,五年级下册,3长方体和正方体,1长方体和正方体的认识,正方体
人教版,五年级下册,3长方体和正方体,2.长方体和正方体的表面积,
人教版,五年级下册,3长方体和正方体,3.长方体和正方体的体积,体积和体积单位
人教版,五年级下册,3长方体和正方体,3.长方体和正方体的体积,体积单位间的进率
人教版,五年级下册,3长方体和正方体,3.长方体和正方体的体积,容积和容积单位
人教版,五年级下册,3长方体和正方体,整理和复习,
人教版,五年级下册,探索图形,,
人教版,五年级下册,4分数的意义和性质,1.分数的意义,分数的产生
人教版,五年级下册,4分数的意义和性质,1.分数的意义,分数的意义
人教版,五年级下册,4分数的意义和性质,1.分数的意义,分数与除法
人教版,五年级下册,4分数的意义和性质,2.真分数和假分数,
人教版,五年级下册,4分数的意义和性质,3.分数的基本性质,
人教版,五年级下册,4分数的意义和性质,4.约分,最大公因数
人教版,五年级下册,4分数的意义和性质,4.约分,约分
人教版,五年级下册,4分数的意义和性质,5.通分,最小公倍数
人教版,五年级下册,4分数的意义和性质,5.通分,通分
人教版,五年级下册,4分数的意义和性质,6.分数和小数的互化,
人教版,五年级下册,4分数的意义和性质,整理和复习,
人教版,五年级下册,5图形的运动（三）,,
人教版,五年级下册,6分数的加法和减法,1.同分母分数加、减法,
人教版,五年级下册,6分数的加法和减法,2.异分母分数加、减法,
人教版,五年级下册,6分数的加法和减法,3.分数加减混合运算,
人教版,五年级下册,怎样通知最快,,
人教版,五年级下册,7折线统计图,,
人教版,五年级下册,8数学广角——找次品,,
人教版,五年级下册,9总复习,,
人教版,五年级下册,开学,,
人教版,五年级下册,寒暑假,,
人教版,六年级下册,1负数,,
人教版,六年级下册,2百分数（二）,折扣,
人教版,六年级下册,2百分数（二）,成数,
人教版,六年级下册,2百分数（二）,税率,
人教版,六年级下册,2百分数（二）,利率,
人教版,六年级下册,生活与百分数,,
人教版,六年级下册,3圆柱与圆锥,1.圆柱,圆柱的认识
人教版,六年级下册,3圆柱与圆锥,1.圆柱,圆柱的表面积
人教版,六年级下册,3圆柱与圆锥,1.圆柱,圆柱的体积
人教版,六年级下册,3圆柱与圆锥,2.圆锥,圆锥的认识
人教版,六年级下册,3圆柱与圆锥,2.圆锥,圆锥的体积
人教版,六年级下册,3圆柱与圆锥,整理和复习,
人教版,六年级下册,4比例,1.比例的意义和基本性质,比例的意义
人教版,六年级下册,4比例,1.比例的意义和基本性质,比例的基本性质
人教版,六年级下册,4比例,1.比例的意义和基本性质,解比例
人教版,六年级下册,4比例,2.正比例和反比例,正比例
人教版,六年级下册,4比例,2.正比例和反比例,反比例
人教版,六年级下册,4比例,3.比例的应用,比例尺
人教版,六年级下册,4比例,3.比例的应用,图形的放大与缩小
人教版,六年级下册,4比例,3.比例的应用,用比例解决问题
人教版,六年级下册,4比例,整理和复习,
人教版,六年级下册,自行车里的数学,,
人教版,六年级下册,5数学广角——鸽巢问题,,
人教版,六年级下册,6整理与复习,1.数与代数,数的认识
人教版,六年级下册,6整理与复习,1.数与代数,数的运算
人教版,六年级下册,6整理与复习,1.数与代数,式与方程
人教版,六年级下册,6整理与复习,1.数与代数,比和比例
人教版,六年级下册,6整理与复习,2.图形与几何,图形的认识与测量
人教版,六年级下册,6整理与复习,2.图形与几何,图形的运动
人教版,六年级下册,6整理与复习,2.图形与几何,图形的位置
人教版,六年级下册,6整理与复习,3.统计与概率,
人教版,六年级下册,6整理与复习,4.数学思考,
人教版,六年级下册,6整理与复习,5.综合与实践,绿色出行
人教版,六年级下册,6整理与复习,5.综合与实践,北京五日游
人教版,六年级下册,6整理与复习,5.综合与实践,有趣的平衡
人教版,六年级下册,开学,,
人教版,六年级下册,寒暑假,,
人教版,七年级上册,第一章有理数,1.1正数和负数,
人教版,七年级上册,第一章有理数,1.2有理数及其大小比较,1.2.1有理数的概念
人教版,七年级上册,第一章有理数,1.2有理数及其大小比较,1.2.2数轴
人教版,七年级上册,第一章有理数,1.2有理数及其大小比较,1.2.3相反数
人教版,七年级上册,第一章有理数,1.2有理数及其大小比较,1.2.4绝对值
人教版,七年级上册,第一章有理数,1.2有理数及其大小比较,1.2.5有理数的大小比较
人教版,七年级上册,第一章有理数,数学活动,
人教版,七年级上册,第一章有理数,小结,
人教版,七年级上册,第二章有理数的运算,2.1有理数的加法与减法,2.1.1有理数的加法
人教版,七年级上册,第二章有理数的运算,2.1有理数的加法与减法,2.1.2有理数的减法
人教版,七年级上册,第二章有理数的运算,2.2有理数的乘法与除法,2.2.1有理数的乘法
人教版,七年级上册,第二章有理数的运算,2.2有理数的乘法与除法,2.2.2有理数的除法
人教版,七年级上册,第二章有理数的运算,2.2有理数的乘法与除法,探究与发现从数系扩充看有理数乘法法则
人教版,七年级上册,第二章有理数的运算,2.3有理数的乘方,2.3.1乘方
人教版,七年级上册,第二章有理数的运算,2.3有理数的乘方,2.3.2科学记数法
人教版,七年级上册,第二章有理数的运算,2.3有理数的乘方,2.3.3近似数
人教版,七年级上册,第二章有理数的运算,数学活动,
人教版,七年级上册,第二章有理数的运算,小结,
人教版,七年级上册,综合与实践进位制的认识与探究,,
人教版,七年级上册,第三章代数式,3.1列代数式表示数量关系,
人教版,七年级上册,第三章代数式,3.2代数式的值,
人教版,七年级上册,第三章代数式,数学活动,
人教版,七年级上册,第三章代数式,小结,
人教版,七年级上册,第四章整式的加减,4.1整式,
人教版,七年级上册,第四章整式的加减,4.2整式的加法与减法,
人教版,七年级上册,第四章整式的加减,数学活动,
人教版,七年级上册,第四章整式的加减,小结,
人教版,七年级上册,第五章一元一次方程,5.1方程,5.1.1从算式到方程
人教版,七年级上册,第五章一元一次方程,5.1方程,5.1.2等式的性质
人教版,七年级上册,第五章一元一次方程,5.2解一元一次方程,探究与发现无限循环小数化分数
人教版,七年级上册,第五章一元一次方程,5.3实际问题与一元一次方程,
人教版,七年级上册,第五章一元一次方程,数学活动,
人教版,七年级上册,第五章一元一次方程,小结,
人教版,七年级上册,第六章几何图形初步,6.1几何图形,6.1.1立体图形与平面图形
人教版,七年级上册,第六章几何图形初步,6.1几何图形,6.1.2点、线、面、体
人教版,七年级上册,第六章几何图形初步,6.2直线、射线、线段,6.2.1直线、射线、线段
人教版,七年级上册,第六章几何图形初步,6.2直线、射线、线段,6.2.2线段的比较与运算
人教版,七年级上册,第六章几何图形初步,6.3角,6.3.1角的概念
人教版,七年级上册,第六章几何图形初步,6.3角,6.3.2角的比较与运算
人教版,七年级上册,第六章几何图形初步,6.3角,6.3.3余角和补角
人教版,七年级上册,第六章几何图形初步,数学活动,
人教版,七年级上册,第六章几何图形初步,小结,
人教版,七年级上册,综合与实践设计学校田径运动会比赛场地,,
人教版,七年级上册,开学,,
人教版,七年级上册,寒暑假,,
人教版,七年级下册,第七章相交线与平行线,7.1相交线,7.1.1两条直线相交
人教版,七年级下册,第七章相交线与平行线,7.1相交线,7.1.2两条直线垂直
人教版,七年级下册,第七章相交线与平行线,7.1相交线,7.1.3两条直线被第三条直线所截
人教版,七年级下册,第七章相交线与平行线,7.2平行线,7.2.1平行线的概念
人教版,七年级下册,第七章相交线与平行线,7.2平行线,7.2.2平行线的判定
人教版,七年级下册,第七章相交线与平行线,7.2平行线,7.2.3平行线的性质
人教版,七年级下册,第七章相交线与平行线,7.3定义、命题、定理,
人教版,七年级下册,第七章相交线与平行线,7.4平移,探究与发现利用平移设计图案
人教版,七年级下册,第七章相交线与平行线,数学活动,
人教版,七年级下册,第七章相交线与平行线,小结,
人教版,七年级下册,第八章实数,8.1平方根,
人教版,七年级下册,第八章实数,8.2立方根,
人教版,七年级下册,第八章实数,8.3实数及其简单运算,
人教版,七年级下册,第八章实数,数学活动,
人教版,七年级下册,第八章实数,小结,
人教版,七年级下册,第九章平面直角坐标系,9.1用坐标描述平面内点的位置,9.1.1平面直角坐标系的概念
人教版,七年级下册,第九章平面直角坐标系,9.1用坐标描述平面内点的位置,9.1.2用坐标描述简单几何图形
人教版,七年级下册,第九章平面直角坐标系,9.1用坐标描述平面内点的位置,阅读与思考用经纬度表示地理位置
人教版,七年级下册,第九章平面直角坐标系,9.2坐标方法的简单应用,9.2.1用坐标表示地理位置
人教版,七年级下册,第九章平面直角坐标系,9.2坐标方法的简单应用,9.2.2用坐标表示平移
人教版,七年级下册,第九章平面直角坐标系,数学活动,
人教版,七年级下册,第九章平面直角坐标系,小结,
人教版,七年级下册,第十章二元一次方程组,10.1二元一次方程组的概念,
人教版,七年级下册,第十章二元一次方程组,10.2消元——解二元一次方程组,10.2.1代入消元法
人教版,七年级下册,第十章二元一次方程组,10.2消元——解二元一次方程组,10.2.2加减消元法
人教版,七年级下册,第十章二元一次方程组,10.3实际问题与二元一次方程组,
人教版,七年级下册,第十章二元一次方程组,10.4三元一次方程组的解法,
人教版,七年级下册,第十章二元一次方程组,数学活动,
人教版,七年级下册,第十章二元一次方程组,小结,
人教版,七年级下册,第十一章不等式与不等式组,11.1不等式,11.1.1不等式及其解集
人教版,七年级下册,第十一章不等式与不等式组,11.1不等式,11.1.2不等式的性质
人教版,七年级下册,第十一章不等式与不等式组,11.1不等式,阅读与思考用求差法比较大小
人教版,七年级下册,第十一章不等式与不等式组,11.2一元一次不等式,
人教版,七年级下册,第十一章不等式与不等式组,11.3一元一次不等式组,
人教版,七年级下册,第十一章不等式与不等式组,数学活动,
人教版,七年级下册,第十一章不等式与不等式组,小结,
人教版,七年级下册,综合与实践低碳生活,,
人教版,七年级下册,第十二章数据的收集、整理与描述,12.1统计调查,12.1.1全面调查
人教版,七年级下册,第十二章数据的收集、整理与描述,12.1统计调查,12.1.2抽样调查
人教版,七年级下册,第十二章数据的收集、整理与描述,12.1统计调查,探究与发现瓶子中有多少粒豆子
人教版,七年级下册,第十二章数据的收集、整理与描述,12.2用统计图描述数据,12.2.1扇形图、条形图和折线图
人教版,七年级下册,第十二章数据的收集、整理与描述,12.2用统计图描述数据,12.2.2直方图
人教版,七年级下册,第十二章数据的收集、整理与描述,12.2用统计图描述数据,12.2.3趋势图
人教版,七年级下册,第十二章数据的收集、整理与描述,数学活动,
人教版,七年级下册,第十二章数据的收集、整理与描述,小结,
人教版,七年级下册,综合与实践日昼时长规律的探究,,
人教版,七年级下册,开学,,
人教版,七年级下册,寒暑假,,
人教版,八年级上册,第十三章三角形,13.1三角形的概念,
人教版,八年级上册,第十三章三角形,13.2与三角形有关的线段,13.2.1三角形的边
人教版,八年级上册,第十三章三角形,13.2与三角形有关的线段,13.2.2三角形的中线、角平分线、高
人教版,八年级上册,第十三章三角形,13.3三角形的内角与外角,13.3.1三角形的内角
人教版,八年级上册,第十三章三角形,13.3三角形的内角与外角,13.3.2三角形的外角
人教版,八年级上册,第十三章三角形,数学活动,
人教版,八年级上册,第十三章三角形,小结,
人教版,八年级上册,综合与实践确定匀质薄板的重心位置,,
人教版,八年级上册,第十四章全等三角形,14.1全等三角形及其性质,
人教版,八年级上册,第十四章全等三角形,14.2三角形全等的判定,
人教版,八年级上册,第十四章全等三角形,14.3角的平分线,
人教版,八年级上册,第十四章全等三角形,数学活动,
人教版,八年级上册,第十四章全等三角形,小结,
人教版,八年级上册,第十五章轴对称,15.1图形的轴对称,15.1.1轴对称及其性质
人教版,八年级上册,第十五章轴对称,15.1图形的轴对称,15.1.2线段的垂直平分线
人教版,八年级上册,第十五章轴对称,15.2画轴对称的图形,
人教版,八年级上册,第十五章轴对称,15.3等腰三角形,15.3.1等腰三角形
人教版,八年级上册,第十五章轴对称,15.3等腰三角形,15.3.2等边三角形
人教版,八年级上册,第十五章轴对称,15.3等腰三角形,探究与发现三角形中边与角之间的不等关系
人教版,八年级上册,第十五章轴对称,数学活动,
人教版,八年级上册,第十五章轴对称,小结,
人教版,八年级上册,综合与实践最短路径问题,,
人教版,八年级上册,第十六章整式的乘法,16.1幂的运算,16.1.1同底数幂的乘法
人教版,八年级上册,第十六章整式的乘法,16.1幂的运算,16.1.2幂的乘方与积的乘方
人教版,八年级上册,第十六章整式的乘法,16.2整式的乘法,
人教版,八年级上册,第十六章整式的乘法,16.3乘法公式,16.3.1平方差公式
人教版,八年级上册,第十六章整式的乘法,16.3乘法公式,16.3.2完全平方公式
人教版,八年级上册,第十六章整式的乘法,16.3乘法公式,阅读与思考杨辉三角
人教版,八年级上册,第十六章整式的乘法,数学活动,
人教版,八年级上册,第十六章整式的乘法,小结,
人教版,八年级上册,第十七章因式分解,17.1用提公因式法分解因式,
人教版,八年级上册,第十七章因式分解,17.2用公式法分解因式,阅读与思考x²+(p+q)+pq型式子的因式分解
人教版,八年级上册,第十七章因式分解,数学活动,
人教版,八年级上册,第十七章因式分解,小结,
人教版,八年级上册,第十八章分式,18.1分式及其基本性质,18.1.1从分数到分式
人教版,八年级上册,第十八章分式,18.1分式及其基本性质,18.1.2分式的基本性质
人教版,八年级上册,第十八章分式,18.2分式的乘法与除法,
人教版,八年级上册,第十八章分式,18.3分式的加法与减法,
人教版,八年级上册,第十八章分式,18.4整数指数幂,
人教版,八年级上册,第十八章分式,18.5分式方程,
人教版,八年级上册,第十八章分式,数学活动,
人教版,八年级上册,第十八章分式,小结,
人教版,八年级上册,开学,,
人教版,八年级上册,寒暑假,,
人教版,八年级下册,第十九章二次根式,19.1二次根式及其性质,
人教版,八年级下册,第十九章二次根式,19.2二次根式的乘法与除法,
人教版,八年级下册,第十九章二次根式,19.3二次根式的加法与减法,
人教版,八年级下册,第十九章二次根式,阅读与思考海伦-秦九韶公式,
人教版,八年级下册,第十九章二次根式,数学活动,
人教版,八年级下册,第十九章二次根式,小结,
人教版,八年级下册,第二十章勾股定理,20.1勾股定理及其应用,
人教版,八年级下册,第二十章勾股定理,阅读与思考勾股定理的证明,
人教版,八年级下册,第二十章勾股定理,20.2勾股定理的逆定理及其应用,
人教版,八年级下册,第二十章勾股定理,数学活动,
人教版,八年级下册,第二十章勾股定理,小结,
人教版,八年级下册,第二十一章四边形,21.1四边形及多边形,21.1.1四边形及其内角和
人教版,八年级下册,第二十一章四边形,21.1四边形及多边形,21.1.2多边形及其内角和
人教版,八年级下册,第二十一章四边形,探究与发现用多边形镶嵌平面,
人教版,八年级下册,第二十一章四边形,21.2平行四边形,21.2.1平行四边形及其性质
人教版,八年级下册,第二十一章四边形,21.2平行四边形,21.2.2平行四边形的判定
人教版,八年级下册,第二十一章四边形,21.2平行四边形,21.2.3三角形的中位线
人教版,八年级下册,第二十一章四边形,21.3特殊的平行四边形,21.3.1矩形
人教版,八年级下册,第二十一章四边形,21.3特殊的平行四边形,21.3.2菱形
人教版,八年级下册,第二十一章四边形,21.3特殊的平行四边形,21.3.3正方形
人教版,八年级下册,第二十一章四边形,探究与发现利用菱形的性质和判定尺规作图,
人教版,八年级下册,第二十一章四边形,数学活动,
人教版,八年级下册,第二十一章四边形,小结,
人教版,八年级下册,第二十二章函数,22.1函数的概念,
人教版,八年级下册,第二十二章函数,22.2函数的表示,
人教版,八年级下册,第二十二章函数,数学活动,
人教版,八年级下册,第二十二章函数,小结,
人教版,八年级下册,第二十三章一次函数,23.1一次函数的概念,
人教版,八年级下册,第二十三章一次函数,23.2一次函数的图象和性质,
人教版,八年级下册,第二十三章一次函数,23.3一次函数与方程（组）、不等式,
人教版,八年级下册,第二十三章一次函数,23.4实际问题与一次函数,
人教版,八年级下册,第二十三章一次函数,数学活动,
人教版,八年级下册,第二十三章一次函数,小结,
人教版,八年级下册,综合与实践音乐与数学,,
人教版,八年级下册,第二十四章数据的分析,24.1数据的集中趋势,24.1.1平均数
人教版,八年级下册,第二十四章数据的分析,24.1数据的集中趋势,24.1.2中位数和众数
人教版,八年级下册,第二十四章数据的分析,24.2数据的离散程度,
人教版,八年级下册,第二十四章数据的分析,24.3数据的四分位数,
人教版,八年级下册,第二十四章数据的分析,24.4数据的分组,
人教版,八年级下册,第二十四章数据的分析,数学活动,
人教版,八年级下册,第二十四章数据的分析,小结,
人教版,八年级下册,综合与实践学生体质健康调查与分析,,
人教版,八年级下册,开学,,
人教版,八年级下册,寒暑假,,
人教版,九年级上册,第二十五章一元二次方程,25.1一元二次方程的概念,
人教版,九年级上册,第二十五章一元二次方程,25.2降次——解一元二次方程,25.2.1配方法
人教版,九年级上册,第二十五章一元二次方程,25.2降次——解一元二次方程,25.2.2公式法
人教版,九年级上册,第二十五章一元二次方程,25.2降次——解一元二次方程,25.2.3因式分解法
人教版,九年级上册,第二十五章一元二次方程,25.2降次——解一元二次方程,25.2.4一元二次方程的根与系数的关系
人教版,九年级上册,第二十五章一元二次方程,25.3实际问题与一元二次方程,
人教版,九年级上册,第二十五章一元二次方程,小结,
人教版,九年级上册,第二十六章二次函数,26.1二次函数的概念,
人教版,九年级上册,第二十六章二次函数,26.2二次函数的图象和性质,26.2.1二次函数y=ax²的图象和性质
人教版,九年级上册,第二十六章二次函数,26.2二次函数的图象和性质,26.2.2二次函数y=a(x-h)²+k的图象和性质
人教版,九年级上册,第二十六章二次函数,26.2二次函数的图象和性质,26.2.3二次函数y=ax²+bx+c的图象和性质
人教版,九年级上册,第二十六章二次函数,26.3二次函数与一元二次方程,
人教版,九年级上册,第二十六章二次函数,26.4实际问题与二次函数,
人教版,九年级上册,第二十六章二次函数,数学活动,
人教版,九年级上册,第二十六章二次函数,小结,
人教版,九年级上册,第二十七章反比例函数,27.1反比例函数的概念,
人教版,九年级上册,第二十七章反比例函数,27.2反比例函数的图象和性质,
人教版,九年级上册,第二十七章反比例函数,27.3实际问题与反比例函数,
人教版,九年级上册,第二十七章反比例函数,小结,
人教版,九年级上册,综合与实践高铁列车运行中的数量关系,,
人教版,九年级上册,第二十八章旋转,28.1图形的旋转,
人教版,九年级上册,第二十八章旋转,28.2中心对称,28.2.1中心对称及其性质
人教版,九年级上册,第二十八章旋转,28.2中心对称,28.2.2中心对称图形
人教版,九年级上册,第二十八章旋转,28.2中心对称,28.2.3关于原点对称的点的坐标
人教版,九年级上册,第二十八章旋转,小结,
人教版,九年级上册,第二十九章圆,29.1圆的有关概念,29.1.1圆的有关概念
人教版,九年级上册,第二十九章圆,29.1圆的有关概念,29.1.2过三点的圆
人教版,九年级上册,第二十九章圆,29.2圆的有关性质,29.2.1垂直于弦的直径
人教版,九年级上册,第二十九章圆,29.2圆的有关性质,29.2.2圆心角
人教版,九年级上册,第二十九章圆,29.2圆的有关性质,29.2.3圆周角
人教版,九年级上册,第二十九章圆,29.3弧长和扇形面积,
人教版,九年级上册,第二十九章圆,小结,
人教版,九年级上册,第三十章直线与圆的位置关系,30.1直线与圆,30.1.1直线与圆相离、相切、相交
人教版,九年级上册,第三十章直线与圆的位置关系,30.1直线与圆,30.1.2圆的切线
人教版,九年级上册,第三十章直线与圆的位置关系,30.2三角形的内切圆,
人教版,九年级上册,第三十章直线与圆的位置关系,30.3正多边形与圆,
人教版,九年级上册,第三十章直线与圆的位置关系,小结,
人教版,九年级上册,综合与实践生活中的优化问题,,
人教版,九年级上册,开学,,
人教版,九年级上册,寒暑假,,
人教版,九年级下册,第二十六章反比例函数,26.1反比例函数,26.1.1反比例函数
人教版,九年级下册,第二十六章反比例函数,26.1反比例函数,26.1.2反比例函数的图象和性质
人教版,九年级下册,第二十六章反比例函数,26.2实际问题与反比例函数,
人教版,九年级下册,第二十六章反比例函数,本章复习与测试,
人教版,九年级下册,第二十七章相似,27.1图形的相似,
人教版,九年级下册,第二十七章相似,27.2相似三角形,27.2.1相似三角形的判定
人教版,九年级下册,第二十七章相似,27.2相似三角形,27.2.2相似三角形的性质
人教版,九年级下册,第二十七章相似,27.2相似三角形,27.2.3相似三角形应用举例
人教版,九年级下册,第二十七章相似,27.3位似,
人教版,九年级下册,第二十七章相似,本章复习与测试,
人教版,九年级下册,第二十八章锐角三角函数,28.1锐角三角函数,
人教版,九年级下册,第二十八章锐角三角函数,28.2解直角三角形及其应用,28.2.1解直角三角形
人教版,九年级下册,第二十八章锐角三角函数,28.2解直角三角形及其应用,28.2.2应用举例
人教版,九年级下册,第二十八章锐角三角函数,本章复习与测试,
人教版,九年级下册,第二十九章投影与视图,29.1投影,
人教版,九年级下册,第二十九章投影与视图,29.2三视图,
人教版,九年级下册,第二十九章投影与视图,29.3课题学习制作立体模型,
人教版,九年级下册,第二十九章投影与视图,本章复习与测试,
人教版,九年级下册,综合复习与测试,,
人教版,九年级下册,开学,,
人教版,九年级下册,寒暑假,,
人教版,六年级上册,第一章分数乘法,1.1分数乘法,
人教版,六年级上册,第一章分数乘法,1.2倒数的认识,
人教版,六年级上册,第一章分数乘法,1.3分数乘法的应用,
人教版,六年级上册,第一章分数乘法,本章复习与测试,
人教版,六年级上册,第二章分数除法,2.1分数除法,
人教版,六年级上册,第二章分数除法,2.2混合运算,
人教版,六年级上册,第二章分数除法,2.3分数除法的应用,
人教版,六年级上册,第二章分数除法,2.4比,
人教版,六年级上册,第二章分数除法,本章复习与测试,
人教版,六年级上册,第三章圆的初步认识,3.1认识圆,
人教版,六年级上册,第三章圆的初步认识,3.2圆的周长,
人教版,六年级上册,第三章圆的初步认识,3.3圆的面积,
人教版,六年级上册,第三章圆的初步认识,3.4扇形,
人教版,六年级上册,第三章圆的初步认识,本章复习与测试,
人教版,六年级上册,第四章百分数,4.1百分数的意义和写法,
人教版,六年级上册,第四章百分数,4.2百分数与小数、分数的互化,
人教版,六年级上册,第四章百分数,4.3百分数的应用,
人教版,六年级上册,第四章百分数,4.4扇形统计图,
人教版,六年级上册,第四章百分数,本章复习与测试,
人教版,六年级上册,第五章圆柱与圆锥,5.1圆柱,
人教版,六年级上册,第五章圆柱与圆锥,5.2圆锥,
人教版,六年级上册,第五章圆柱与圆锥,本章复习与测试,
人教版,六年级上册,第六章比例,6.1比例的意义和基本性质,
人教版,六年级上册,第六章比例,6.2正比例和反比例的意义,
人教版,六年级上册,第六章比例,6.3比例的应用,
人教版,六年级上册,第六章比例,本章复习与测试,
人教版,六年级上册,综合复习与测试,,
人教版,六年级上册,开学,,
人教版,六年级上册,寒暑假,,
人教版,六年级下册,第七章有理数,7.1正数和负数,
人教版,六年级下册,第七章有理数,7.2有理数,
人教版,六年级下册,第七章有理数,7.3有理数的加减法,
人教版,六年级下册,第七章有理数,7.4有理数的乘除法,
人教版,六年级下册,第七章有理数,7.5有理数的乘方,
人教版,六年级下册,第七章有理数,本章复习与测试,
人教版,六年级下册,第八章整式的加减,8.1整式,
人教版,六年级下册,第八章整式的加减,8.2整式的加减,
人教版,六年级下册,第八章整式的加减,本章复习与测试,
人教版,六年级下册,第九章几何图形初步,9.1几何图形,
人教版,六年级下册,第九章几何图形初步,9.2直线、射线、线段,
人教版,六年级下册,第九章几何图形初步,9.3角,
人教版,六年级下册,第九章几何图形初步,9.4课题学习设计制作长方体形状的包装纸盒,
人教版,六年级下册,第九章几何图形初步,本章复习与测试,
人教版,六年级下册,第十章数据的收集、整理与描述,10.1统计调查,
人教版,六年级下册,第十章数据的收集、整理与描述,10.2直方图,
人教版,六年级下册,第十章数据的收集、整理与描述,10.3课题学习从数据谈节水,
人教版,六年级下册,第十章数据的收集、整理与描述,本章复习与测试,
人教版,六年级下册,综合复习与测试,,
人教版,六年级下册,开学,,
人教版,六年级下册,寒暑假,,
竞赛,竞赛,平面几何,,巧求周长
竞赛,竞赛,平面几何,,巧求面积
竞赛,竞赛,平面几何,,格点与面积
竞赛,竞赛,平面几何,,七大模型
竞赛,竞赛,平面几何,,七大模型
竞赛,竞赛,平面几何,,七大模型
竞赛,竞赛,平面几何,,七大模型
竞赛,竞赛,平面几何,,七大模型
竞赛,竞赛,平面几何,,七大模型
竞赛,竞赛,平面几何,,七大模型
竞赛,竞赛,平面几何,,图形的分与合
竞赛,竞赛,平面几何,,圆和扇形
竞赛,竞赛,立体几何,,多角度观察
竞赛,竞赛,立体几何,,立体图形的展开
竞赛,竞赛,立体几何,,表面积相关问题
竞赛,竞赛,立体几何,,体积相关问题
竞赛,竞赛,立体几何,,等体积变形
竞赛,竞赛,立体几何,,染色问题
竞赛,竞赛,间隔问题,,植树问题
竞赛,竞赛,间隔问题,,方阵问题
竞赛,竞赛,间隔问题,,上楼问题
竞赛,竞赛,天平上的数学,,天平称重
竞赛,竞赛,天平上的数学,,天平辨伪
中考,中考,数与式,,实数
中考,中考,数与式,,整式
中考,中考,数与式,,分式
中考,中考,数与式,,二次根式
中考,中考,数与式,,数与式微专题
中考,中考,方程（组）与不等式（组）,,一次方程（组）
中考,中考,方程（组）与不等式（组）,,分式方程
中考,中考,方程（组）与不等式（组）,,一元二次方程
中考,中考,方程（组）与不等式（组）,,不等式与不等式组
中考,中考,方程（组）与不等式（组）,,方程（组）与不等式（组）微专题
中考,中考,函数,,函数与平面直角坐标系
中考,中考,函数,,一次函数的图象与性质
中考,中考,函数,,一次函数的应用与综合
中考,中考,函数,,反比例函数
中考,中考,函数,,二次函数图象与性质
中考,中考,函数,,二次函数应用与综合
中考,中考,函数,,函数微专题
中考,中考,图形的性质,,几何图形初步
中考,中考,图形的性质,,三角形的概念和性质
中考,中考,图形的性质,,全等三角形
中考,中考,图形的性质,,等腰三角形
中考,中考,图形的性质,,直角三角形
中考,中考,图形的性质,,相似三角形（含位似）
中考,中考,图形的性质,,多边形与平行四边形
中考,中考,图形的性质,,矩形
中考,中考,图形的性质,,菱形
中考,中考,图形的性质,,正方形
中考,中考,图形的性质,,四边形综合
中考,中考,图形的性质,,圆的基本性质
中考,中考,图形的性质,,与圆有关的位置关系
中考,中考,图形的性质,,与圆有关的计算
中考,中考,图形的性质,,图形的性质微专题
中考,中考,图形的变化,,尺规作图
中考,中考,图形的变化,,投影与视图
中考,中考,图形的变化,,轴对称、平移、旋转
中考,中考,图形的变化,,锐角三角函数
中考,中考,图形的变化,,图形的变化微专题
中考,中考,统计与概率,,统计
中考,中考,统计与概率,,概率
中考,中考,数与代数基础,,计算
中考,中考,数与代数基础,,应用
中考,中考,数与代数基础,,函数
中考,中考,图形与几何基础,,三角形
中考,中考,图形与几何基础,,四边形
中考,中考,图形与几何基础,,圆
中考,中考,图形与几何基础,,图形的变化
中考,中考,图形与几何基础,,锐角三角函数
中考,中考,统计概率基础,,统计
中考,中考,统计概率基础,,概率
中考,中考,几何压轴,,三角形压轴
中考,中考,几何压轴,,四边形压轴
中考,中考,几何压轴,,圆压轴
中考,中考,函数压轴,,二次函数性质压轴
中考,中考,函数压轴,,二次函数与几何压轴
